Network	Generation	Smiles
GlucoseAmm	G1	C(C(C(C(C(C)=O)O)O)O)=O
GlucoseAmm	G1	C(C(C(C(C(CO)O)O)N)O)=O
GlucoseAmm	G1	C(C(C(C=O)O)O)(CCO)=O
GlucoseAmm	G1	C(C(C(CC(CO)=O)O)O)=O
GlucoseAmm	G1	C(C(C(CC(CO)O)=O)O)=O
GlucoseAmm	G1	C(C(C(CO)O)O)=O
GlucoseAmm	G1	C(C(CC(C(CO)O)O)=O)=O
GlucoseAmm	G1	C(CC(C(C(C=O)O)O)O)=O
GlucoseAmm	G1	C(CC(C(C(CO)O)O)=O)=O
GlucoseAmm	G1	C(CC(C=O)O)(C(CO)O)=O
GlucoseAmm	G1	C(CN)(C(C(C(CO)O)O)O)=O
GlucoseAmm	G2	C(C(C(C(C(C)=O)N)O)O)=O
GlucoseAmm	G2	C(C(C(C(C(C)=O)O)N)O)=O
GlucoseAmm	G2	C(C(C(C(C(CO)O)O)O)N)=O
GlucoseAmm	G2	C(C(C(C(CCO)=O)O)N)=O
GlucoseAmm	G2	C(C(C(C(CCO)N)=O)O)=O
GlucoseAmm	G2	C(C(C(C=O)O)N)(CCO)=O
GlucoseAmm	G2	C(C(C(C=O)O)O)(C(C)N)=O
GlucoseAmm	G2	C(C(C(C=O)O)O)(C(C)O)=O
GlucoseAmm	G2	C(C(C(C=O)O)O)(CCN)=O
GlucoseAmm	G2	C(C(C(CC(C=O)O)O)O)=O
GlucoseAmm	G2	C(C(C(CC(CO)=O)N)O)=O
GlucoseAmm	G2	C(C(C(CC(CO)N)=O)O)=O
GlucoseAmm	G2	C(C(C(CC(CO)O)=O)N)=O
GlucoseAmm	G2	C(C(C(CC(CO)O)N)=O)=O
GlucoseAmm	G2	C(C(C(CO)N)O)=O
GlucoseAmm	G2	C(C(C(CO)O)O)(C(CN)N)=O
GlucoseAmm	G2	C(C(C(CO)O)O)(C(CN)O)=O
GlucoseAmm	G2	C(C(C(CO)O)O)(C(CO)N)=O
GlucoseAmm	G2	C(C(C(CO)O)O)(CCO)=O
GlucoseAmm	G2	C(C(C(CO)O)O)(O)=O
GlucoseAmm	G2	C(C(CC(C(C=O)O)O)N)=O
GlucoseAmm	G2	C(C(CC(C(CO)=O)N)O)=O
GlucoseAmm	G2	C(C(CC(C(CO)=O)O)O)=O
GlucoseAmm	G2	C(C(CC(C(CO)O)N)=O)=O
GlucoseAmm	G2	C(C(CN)=O)(CC(CO)O)=O
GlucoseAmm	G2	C(C(CO)=O)(CC(CO)O)=O
GlucoseAmm	G2	C(C(CO)O)(CC(CN)=O)=O
GlucoseAmm	G2	C(C(CO)O)(CC(CO)=O)=O
GlucoseAmm	G2	C(C(CO)O)(CC(CO)O)=O
GlucoseAmm	G2	C(C)(C(C(C(CN)=O)O)O)=O
GlucoseAmm	G2	C(C)(C(C(C(CO)=O)O)O)=O
GlucoseAmm	G2	C(C)(C(C(C(CO)O)O)O)=O
GlucoseAmm	G2	C(C1(C(C(CC1O)O)O)O)=O
GlucoseAmm	G2	C(C1C(C(C(C)(O1)O)O)O)=O
GlucoseAmm	G2	C(C1C(C(C(C1O)O)O)O)=O
GlucoseAmm	G2	C(C1C(C(C(CN)(O)O1)O)O)O
GlucoseAmm	G2	C(CC(C(C(C=O)O)N)O)=O
GlucoseAmm	G2	C(CC(C(C(C=O)O)O)N)=O
GlucoseAmm	G2	C(CC(C(C(CN)=O)O)O)=O
GlucoseAmm	G2	C(CC(C(C(CO)=O)O)O)=O
GlucoseAmm	G2	C(CC(C(C(CO)N)O)=O)=O
GlucoseAmm	G2	C(CC(C(C(CO)O)=O)N)=O
GlucoseAmm	G2	C(CC(C(C(CO)O)=O)O)=O
GlucoseAmm	G2	C(CC(C(C(CO)O)N)=O)=O
GlucoseAmm	G2	C(CC(C(C(CO)O)O)O)=O
GlucoseAmm	G2	C(CC(C=O)N)(C(CO)O)=O
GlucoseAmm	G2	C(CC(C=O)O)(C(CN)O)=O
GlucoseAmm	G2	C(CC(C=O)O)(C(CO)N)=O
GlucoseAmm	G2	C(CC1(C(C(CO1)O)O)O)=O
GlucoseAmm	G2	C(CCO)(C(C(CN)=O)O)=O
GlucoseAmm	G2	C(CCO)(C(C(CO)=O)O)=O
GlucoseAmm	G2	C(CN)(C(C(C(CO)O)N)O)=O
GlucoseAmm	G2	C(CN)(C(C(C(CO)O)O)N)=O
GlucoseAmm	G2	C(CN)(C(CC(CO)=O)O)=O
GlucoseAmm	G2	C(CN)(C(CO)O)=O
GlucoseAmm	G2	C(CO)(C(C(C(CO)O)N)O)=O
GlucoseAmm	G2	C(CO)(C(C(C(CO)O)O)N)=O
GlucoseAmm	G2	C(CO)(C(CC(CO)=O)O)=O
GlucoseAmm	G2	C(CO)(C(CO)O)=O
GlucoseAmm	G2	C(CO)(CC(C(CO)O)O)=O
GlucoseAmm	G2	C1(C(C(C(C(C1)O)O)O)O)=O
GlucoseAmm	G2	C1(C(C(C(C1CO)O)O)O)=O
GlucoseAmm	G2	C1(C(C(C(O)OCC1)O)O)=O
GlucoseAmm	G2	C1(C(C(CO)O)OC(C1)O)=O
GlucoseAmm	G2	C1(C(C(CO)OC(C1)O)O)=O
GlucoseAmm	G2	C1(C(C(COC(C1)O)O)O)=O
GlucoseAmm	G2	C1(C(C(O)OC(CO)C1)O)=O
GlucoseAmm	G2	C1(C(C(O)OCC(C1)O)O)=O
GlucoseAmm	G2	C1(C(CO)OC(C(C1)O)O)=O
GlucoseAmm	G2	C1(C(COC(C(C1)O)O)O)=O
GlucoseAmm	G2	C1(C(O)OC(C(CO)O)C1)=O
GlucoseAmm	G2	C1(C(O)OC(CO)C(C1)O)=O
GlucoseAmm	G2	C1(C(O)OCC(C(C1)O)O)=O
GlucoseAmm	G2	C1(CC(C(C(CO)O1)O)O)=O
GlucoseAmm	G2	C1(CC(C(C(CO1)O)O)O)=O
GlucoseAmm	G2	C1(CC(C(C1(CO)O)O)O)=O
GlucoseAmm	G2	C1(COC(C(C(C1)O)O)O)=O
GlucoseAmm	G2	C1(COC(CO)C(C1O)O)=O
GlucoseAmm	G2	C1(COCC(C(C1O)O)O)=O
GlucoseAmm	G2	C1C(C(C(C(C(O)O1)O)N)O)O
GlucoseAmm	G2	C1C(C(C(C(CN)(O)O1)O)O)O
GlucoseAmm	G3	C(C(C(C(C(C)=O)N)N)O)=O
GlucoseAmm	G3	C(C(C(C(C(C)=O)O)O)N)=O
GlucoseAmm	G3	C(C(C(C(C(C)N)=O)O)N)=O
GlucoseAmm	G3	C(C(C(C(C(C)N)N)=O)O)=O
GlucoseAmm	G3	C(C(C(C(C(C)N)O)=O)O)=O
GlucoseAmm	G3	C(C(C(C(C(C)O)=O)O)N)=O
GlucoseAmm	G3	C(C(C(C(C(C)O)N)=O)O)=O
GlucoseAmm	G3	C(C(C(C(C(C)O)O)=O)O)=O
GlucoseAmm	G3	C(C(C(C(C(C=O)O)O)O)N)=O
GlucoseAmm	G3	C(C(C(C(C(CN)=O)O)O)O)=O
GlucoseAmm	G3	C(C(C(C(C(CN)O)O)O)O)=O
GlucoseAmm	G3	C(C(C(C(C(CO)=O)N)O)O)=O
GlucoseAmm	G3	C(C(C(C(C(CO)N)O)O)N)=O
GlucoseAmm	G3	C(C(C(C(C(CO)N)O)O)O)=O
GlucoseAmm	G3	C(C(C(C(C(CO)O)N)N)O)=O
GlucoseAmm	G3	C(C(C(C(C(CO)O)N)O)N)=O
GlucoseAmm	G3	C(C(C(C(C(CO)O)N)O)O)=O
GlucoseAmm	G3	C(C(C(C(C(CO)O)O)=O)N)=O
GlucoseAmm	G3	C(C(C(C(C(CO)O)O)N)=O)=O
GlucoseAmm	G3	C(C(C(C(C(CO)O)O)N)N)=O
GlucoseAmm	G3	C(C(C(C(C)=O)O)O)(O)=O
GlucoseAmm	G3	C(C(C(C(C=O)O)O)N)=O
GlucoseAmm	G3	C(C(C(C(CCN)=O)O)N)=O
GlucoseAmm	G3	C(C(C(C(CCN)N)=O)O)=O
GlucoseAmm	G3	C(C(C(C(CCN)O)=O)O)=O
GlucoseAmm	G3	C(C(C(C(CCO)=O)O)O)(C)=O
GlucoseAmm	G3	C(C(C(C(CCO)N)=O)N)=O
GlucoseAmm	G3	C(C(C(C(CCO)N)N)=O)=O
GlucoseAmm	G3	C(C(C(C(CCO)N)O)O)=O
GlucoseAmm	G3	C(C(C(C(CN)=O)O)O)=O
GlucoseAmm	G3	C(C(C(C(CO)=O)N)O)=O
GlucoseAmm	G3	C(C(C(C(CO)=O)O)O)=O
GlucoseAmm	G3	C(C(C(C(CO)O)O)N)=O
GlucoseAmm	G3	C(C(C(C)(C(C=O)O)O)N)=O
GlucoseAmm	G3	C(C(C(C)(C(CO)O)O)N)=O
GlucoseAmm	G3	C(C(C(C)(C(CO)O)O)O)=O
GlucoseAmm	G3	C(C(C(C)(CO)O)N)=O
GlucoseAmm	G3	C(C(C(C)=O)(C(CN)O)O)=O
GlucoseAmm	G3	C(C(C(C)=O)(C(CO)(C)O)O)=O
GlucoseAmm	G3	C(C(C(C)=O)(C(CO)O)O)=O
GlucoseAmm	G3	C(C(C(C)O)(C(C(C)=O)O)O)=O
GlucoseAmm	G3	C(C(C(C)O)(C(C=O)O)O)=O
GlucoseAmm	G3	C(C(C(C)O)(C(CO)N)O)=O
GlucoseAmm	G3	C(C(C(C)O)(CC(CO)=O)O)=O
GlucoseAmm	G3	C(C(C(C)O)O)(C(CO)O)=O
GlucoseAmm	G3	C(C(C(C)O)O)(CCO)=O
GlucoseAmm	G3	C(C(C(C)O)O)(O)=O
GlucoseAmm	G3	C(C(C(C=O)N)N)(CCO)=O
GlucoseAmm	G3	C(C(C(C=O)O)N)(C(C)N)=O
GlucoseAmm	G3	C(C(C(C=O)O)N)(C(C)O)=O
GlucoseAmm	G3	C(C(C(C=O)O)N)(C(CO)O)=O
GlucoseAmm	G3	C(C(C(C=O)O)N)(CCN)=O
GlucoseAmm	G3	C(C(C(C=O)O)O)(CC(C)O)=O
GlucoseAmm	G3	C(C(C(C=O)O)O)(O)=O
GlucoseAmm	G3	C(C(C(CC(C=O)O)N)N)=O
GlucoseAmm	G3	C(C(C(CC(C=O)O)O)N)=O
GlucoseAmm	G3	C(C(C(CC(CN)=O)O)O)=O
GlucoseAmm	G3	C(C(C(CC(CN)O)=O)O)=O
GlucoseAmm	G3	C(C(C(CC(CO)=O)O)N)=O
GlucoseAmm	G3	C(C(C(CC(CO)N)=O)N)=O
GlucoseAmm	G3	C(C(C(CC(CO)N)N)=O)=O
GlucoseAmm	G3	C(C(C(CC(CO)O)O)O)=O
GlucoseAmm	G3	C(C(C(CN)(C(CO)O)O)N)=O
GlucoseAmm	G3	C(C(C(CN)(C(CO)O)O)O)=O
GlucoseAmm	G3	C(C(C(CN)(CO)O)N)=O
GlucoseAmm	G3	C(C(C(CN)N)=O)(CCO)=O
GlucoseAmm	G3	C(C(C(CN)N)O)(C(CO)O)=O
GlucoseAmm	G3	C(C(C(CN)O)(C(C=O)O)O)=O
GlucoseAmm	G3	C(C(C(CN)O)(C(CO)N)O)=O
GlucoseAmm	G3	C(C(C(CN)O)(CC=O)O)=O
GlucoseAmm	G3	C(C(C(CN)O)=O)(CCO)=O
GlucoseAmm	G3	C(C(C(CN)O)C(C=O)O)=O
GlucoseAmm	G3	C(C(C(CN)O)N)=O
GlucoseAmm	G3	C(C(C(CN)O)O)(C(CO)O)=O
GlucoseAmm	G3	C(C(C(CN)O)O)(CCO)=O
GlucoseAmm	G3	C(C(C(CN)O)O)=O
GlucoseAmm	G3	C(C(C(CO)(C(CO)O)O)N)=O
GlucoseAmm	G3	C(C(C(CO)(C)O)(CC=O)O)=O
GlucoseAmm	G3	C(C(C(CO)(C)O)O)(CCO)=O
GlucoseAmm	G3	C(C(C(CO)(C)O)O)(O)=O
GlucoseAmm	G3	C(C(C(CO)(C)O)O)=O
GlucoseAmm	G3	C(C(C(CO)(CCO)O)N)=O
GlucoseAmm	G3	C(C(C(CO)(CCO)O)O)=O
GlucoseAmm	G3	C(C(C(CO)(CN)O)O)=O
GlucoseAmm	G3	C(C(C(CO)(CO)O)N)=O
GlucoseAmm	G3	C(C(C(CO)(CO)O)O)=O
GlucoseAmm	G3	C(C(C(CO)=O)C(CN)O)=O
GlucoseAmm	G3	C(C(C(CO)=O)C(CO)(C)O)=O
GlucoseAmm	G3	C(C(C(CO)=O)C(CO)O)=O
GlucoseAmm	G3	C(C(C(CO)C(CN)O)=O)=O
GlucoseAmm	G3	C(C(C(CO)C(CO)O)=O)=O
GlucoseAmm	G3	C(C(C(CO)N)(C(C=O)O)O)=O
GlucoseAmm	G3	C(C(C(CO)N)=O)(CCO)=O
GlucoseAmm	G3	C(C(C(CO)N)O)(C(CN)N)=O
GlucoseAmm	G3	C(C(C(CO)N)O)(C(CN)O)=O
GlucoseAmm	G3	C(C(C(CO)N)O)(C(CO)N)=O
GlucoseAmm	G3	C(C(C(CO)N)O)(C(CO)O)=O
GlucoseAmm	G3	C(C(C(CO)N)O)(CCO)=O
GlucoseAmm	G3	C(C(C(CO)NCC=O)O)=O
GlucoseAmm	G3	C(C(C(CO)O)(C(C)O)O)=O
GlucoseAmm	G3	C(C(C(CO)O)(C(CN)O)O)=O
GlucoseAmm	G3	C(C(C(CO)O)(C(CO)N)O)=O
GlucoseAmm	G3	C(C(C(CO)O)(CC=O)O)=O
GlucoseAmm	G3	C(C(C(CO)O)=O)(CCO)=O
GlucoseAmm	G3	C(C(C(CO)O)C(C=O)O)=O
GlucoseAmm	G3	C(C(C(CO)O)N)(C(CN)N)=O
GlucoseAmm	G3	C(C(C(CO)O)N)(C(CO)N)=O
GlucoseAmm	G3	C(C(C(CO)O)N)(CCO)=O
GlucoseAmm	G3	C(C(C(CO)O)N)=O
GlucoseAmm	G3	C(C(C(CO)O)NCC=O)=O
GlucoseAmm	G3	C(C(C(CO)O)O)(C(C)N)=O
GlucoseAmm	G3	C(C(C(CO)O)O)(C(C)O)=O
GlucoseAmm	G3	C(C(C(CO)O)O)(CCN)=O
GlucoseAmm	G3	C(C(C)(C(C(CCO)=O)O)O)=O
GlucoseAmm	G3	C(C(C)(C(C(CN)=O)O)O)=O
GlucoseAmm	G3	C(C(C)(C(C(O)=O)O)O)=O
GlucoseAmm	G3	C(C(C)(CC(C=O)O)O)(O)=O
GlucoseAmm	G3	C(C(C)=O)(C(C(CO)O)O)=O
GlucoseAmm	G3	C(C(C)N)(C(C(CN)=O)O)=O
GlucoseAmm	G3	C(C(C)N)(C(C(CO)=O)O)=O
GlucoseAmm	G3	C(C(C)O)(C(C(CN)=O)O)=O
GlucoseAmm	G3	C(C(C)O)(C(C(CO)=O)O)=O
GlucoseAmm	G3	C(C(CC(C(C(C)=O)O)O)O)=O
GlucoseAmm	G3	C(C(CC(C(C)=O)O)O)(O)=O
GlucoseAmm	G3	C(C(CC(C(C=O)O)N)N)=O
GlucoseAmm	G3	C(C(CC(C(C=O)O)N)O)=O
GlucoseAmm	G3	C(C(CC(C(CN)=O)N)O)=O
GlucoseAmm	G3	C(C(CC(C(CN)=O)O)N)=O
GlucoseAmm	G3	C(C(CC(C(CN)=O)O)O)=O
GlucoseAmm	G3	C(C(CC(C(CO)=O)N)N)=O
GlucoseAmm	G3	C(C(CC(C(CO)=O)O)N)=O
GlucoseAmm	G3	C(C(CC(C(CO)O)O)N)=O
GlucoseAmm	G3	C(C(CC(CC(CO)=O)O)O)=O
GlucoseAmm	G3	C(C(CC(CO)=O)O)(O)=O
GlucoseAmm	G3	C(C(CCC(CO)=O)O)(O)=O
GlucoseAmm	G3	C(C(CCO)(C(C(C)=O)O)O)=O
GlucoseAmm	G3	C(C(CCO)(C(C=O)N)O)=O
GlucoseAmm	G3	C(C(CCO)(C(C=O)O)O)=O
GlucoseAmm	G3	C(C(CCO)O)(O)=O
GlucoseAmm	G3	C(C(CN)=O)(C(C(CO)O)O)=O
GlucoseAmm	G3	C(C(CN)=O)(C(CCO)N)=O
GlucoseAmm	G3	C(C(CN)=O)(CC(CO)N)=O
GlucoseAmm	G3	C(C(CN)N)(C(C(C)=O)O)=O
GlucoseAmm	G3	C(C(CN)N)(CC(CO)=O)=O
GlucoseAmm	G3	C(C(CN)NCC(CO)=O)=O
GlucoseAmm	G3	C(C(CN)O)(C(C(C)=O)O)=O
GlucoseAmm	G3	C(C(CN)O)(C(C(CO)O)N)=O
GlucoseAmm	G3	C(C(CN)O)(CC(CN)=O)=O
GlucoseAmm	G3	C(C(CN)O)(CC(CO)=O)=O
GlucoseAmm	G3	C(C(CN)O)(CC(CO)O)=O
GlucoseAmm	G3	C(C(CO)=O)(C(CCO)N)=O
GlucoseAmm	G3	C(C(CO)=O)(CC(CO)N)=O
GlucoseAmm	G3	C(C(CO)N)(C(C(C)=O)O)=O
GlucoseAmm	G3	C(C(CO)N)(CC(CN)=O)=O
GlucoseAmm	G3	C(C(CO)N)(CC(CO)=O)=O
GlucoseAmm	G3	C(C(CO)N)(CC(CO)O)=O
GlucoseAmm	G3	C(C(CO)NCC(CO)=O)=O
GlucoseAmm	G3	C(C(CO)O)(C(C(C)=O)O)=O
GlucoseAmm	G3	C(C(CO)O)(C(C(C)O)N)=O
GlucoseAmm	G3	C(C(CO)O)(C(C(CN)=O)O)=O
GlucoseAmm	G3	C(C(CO)O)(C(C(CN)N)N)=O
GlucoseAmm	G3	C(C(CO)O)(C(C(CN)O)N)=O
GlucoseAmm	G3	C(C(CO)O)(C(C(CO)N)N)=O
GlucoseAmm	G3	C(C(CO)O)(C(C(CO)O)N)=O
GlucoseAmm	G3	C(C(CO)O)(C(CCO)N)=O
GlucoseAmm	G3	C(C(CO)O)(C(CO)N)=O
GlucoseAmm	G3	C(C(CO)O)(CC(C)O)=O
GlucoseAmm	G3	C(C(CO)O)(CC(CN)O)=O
GlucoseAmm	G3	C(C(CO)O)(CC(CO)N)=O
GlucoseAmm	G3	C(C)(C(C(C(C(C)=O)O)O)O)=O
GlucoseAmm	G3	C(C)(C(C(C(CN)=O)O)N)=O
GlucoseAmm	G3	C(C)(C(C(C(CO)=O)O)N)=O
GlucoseAmm	G3	C(C)(C(C(C(CO)O)N)O)=O
GlucoseAmm	G3	C(C)(C(C(C(CO)O)O)N)=O
GlucoseAmm	G3	C(C)(C(C(C)(C(CO)O)O)O)=O
GlucoseAmm	G3	C(C)(C(C(C)O)(C(C=O)O)O)=O
GlucoseAmm	G3	C(C)(C(C(CC(CO)=O)O)O)=O
GlucoseAmm	G3	C(C)(C(C(CN)O)O)=O
GlucoseAmm	G3	C(C)(C(C(CO)(C)O)O)=O
GlucoseAmm	G3	C(C)(C(C(CO)(CCO)O)O)=O
GlucoseAmm	G3	C(C)(C(C(CO)(CN)O)O)=O
GlucoseAmm	G3	C(C)(C(C(CO)(CO)O)O)=O
GlucoseAmm	G3	C(C)(C(C(CO)O)O)=O
GlucoseAmm	G3	C(C)(C(CO)(C(C(C)=O)O)O)=O
GlucoseAmm	G3	C(C)(C(CO)(C(C)O)O)=O
GlucoseAmm	G3	C(C)(C(CO)(C(C=O)O)O)=O
GlucoseAmm	G3	C(C)(C(CO)(C(CN)O)O)=O
GlucoseAmm	G3	C(C)(C(CO)(C(CO)(C)O)O)=O
GlucoseAmm	G3	C(C)(C(CO)(C(CO)O)O)=O
GlucoseAmm	G3	C(C1(C(C(C(C1)O)O)O)O)=O
GlucoseAmm	G3	C(C1(C(C(CC1O)N)O)O)=O
GlucoseAmm	G3	C(C1(C(C=CC1O)O)O)=O
GlucoseAmm	G3	C(C1(C(CC(C1N)O)O)O)=O
GlucoseAmm	G3	C(C1(C=CC(C1O)O)O)=O
GlucoseAmm	G3	C(C1(CC(C(C1O)O)O)N)=O
GlucoseAmm	G3	C(C1C(C(C(C)(O1)O)O)N)=O
GlucoseAmm	G3	C(C1C(C(C(C1N)O)O)O)=O
GlucoseAmm	G3	C(C1C(C(C(C1O)O)N)O)=O
GlucoseAmm	G3	C(C1C(C(C(CO)O1)O)O)=O
GlucoseAmm	G3	C(C1C(C(C(CO1)O)O)O)=O
GlucoseAmm	G3	C(CC(C(C(C(C)=O)O)O)O)=O
GlucoseAmm	G3	C(CC(C(C(C=O)N)O)O)=O
GlucoseAmm	G3	C(CC(C(C(C=O)O)N)N)=O
GlucoseAmm	G3	C(CC(C(C(CN)=O)N)O)=O
GlucoseAmm	G3	C(CC(C(C(CN)=O)O)N)=O
GlucoseAmm	G3	C(CC(C(C(CN)N)=O)O)=O
GlucoseAmm	G3	C(CC(C(C(CN)O)=O)N)=O
GlucoseAmm	G3	C(CC(C(C(CN)O)=O)O)=O
GlucoseAmm	G3	C(CC(C(C(CN)O)O)=O)=O
GlucoseAmm	G3	C(CC(C(C(CO)(C)O)O)=O)=O
GlucoseAmm	G3	C(CC(C(C(CO)=O)N)N)=O
GlucoseAmm	G3	C(CC(C(C(CO)=O)N)O)=O
GlucoseAmm	G3	C(CC(C(C(CO)=O)O)N)=O
GlucoseAmm	G3	C(CC(C(C(CO)N)=O)N)=O
GlucoseAmm	G3	C(CC(C(C(CO)N)=O)O)=O
GlucoseAmm	G3	C(CC(C(C(CO)N)N)=O)=O
GlucoseAmm	G3	C(CC(C(C(CO)N)O)O)=O
GlucoseAmm	G3	C(CC(C(C(CO)O)N)O)=O
GlucoseAmm	G3	C(CC(C(C(CO)O)O)N)=O
GlucoseAmm	G3	C(CC(C(C(CO)O)O)O)(N)=O
GlucoseAmm	G3	C(CC(C(C)=O)O)(C(CO)O)=O
GlucoseAmm	G3	C(CC(C(CC(CO)=O)O)O)=O
GlucoseAmm	G3	C(CC(C(CCO)=O)O)(CO)=O
GlucoseAmm	G3	C(CC(C=O)N)(C(CN)O)=O
GlucoseAmm	G3	C(CC(C=O)N)(C(CO)N)=O
GlucoseAmm	G3	C(CC(C=O)O)(C(C(C)O)O)=O
GlucoseAmm	G3	C(CC(C=O)O)(C(CN)N)=O
GlucoseAmm	G3	C(CC(CN)(C(CO)O)O)=O
GlucoseAmm	G3	C(CC(CO)(C(C(C)=O)O)O)=O
GlucoseAmm	G3	C(CC(CO)(C(C=O)N)O)=O
GlucoseAmm	G3	C(CC(CO)(C(C=O)O)O)=O
GlucoseAmm	G3	C(CCN)(C(C(CN)=O)O)=O
GlucoseAmm	G3	C(CCN)(C(C(CO)=O)O)=O
GlucoseAmm	G3	C(CCO)(C(C(CN)=O)N)=O
GlucoseAmm	G3	C(CCO)(C(C(CO)=O)N)=O
GlucoseAmm	G3	C(CN)(C(C(C(C)=O)O)N)=O
GlucoseAmm	G3	C(CN)(C(C(C(CO)O)N)N)=O
GlucoseAmm	G3	C(CN)(C(C(C)O)O)=O
GlucoseAmm	G3	C(CN)(C(C(CCO)O)O)=O
GlucoseAmm	G3	C(CN)(C(C(CN)O)O)=O
GlucoseAmm	G3	C(CN)(C(C(CO)(C)O)O)=O
GlucoseAmm	G3	C(CN)(C(C(CO)(CN)O)O)=O
GlucoseAmm	G3	C(CN)(C(C(CO)(CO)O)O)=O
GlucoseAmm	G3	C(CN)(C(C(CO)O)O)=O
GlucoseAmm	G3	C(CN)(C(CC(CO)=O)N)=O
GlucoseAmm	G3	C(CN)(C(CN)O)=O
GlucoseAmm	G3	C(CN)(C(CNCC=O)O)=O
GlucoseAmm	G3	C(CN)(C(CO)(C(C)O)O)=O
GlucoseAmm	G3	C(CN)(C(CO)(C(C=O)O)O)=O
GlucoseAmm	G3	C(CN)(C(CO)(C(CN)O)O)=O
GlucoseAmm	G3	C(CN)(C(CO)(C(CO)O)O)=O
GlucoseAmm	G3	C(CN)(C(CO)(CO)O)=O
GlucoseAmm	G3	C(CN)(C(CO)N)=O
GlucoseAmm	G3	C(CNC(C(CN)=O)CO)=O
GlucoseAmm	G3	C(CNC(C(CO)=O)CN)=O
GlucoseAmm	G3	C(CNC(C(CO)=O)CO)=O
GlucoseAmm	G3	C(CNCC(C(CO)=O)O)=O
GlucoseAmm	G3	C(CNCC=O)(C(CO)N)=O
GlucoseAmm	G3	C(CNCC=O)(C(CO)O)=O
GlucoseAmm	G3	C(CO)(C(C(C(C)=O)O)N)=O
GlucoseAmm	G3	C(CO)(C(C(C(CO)O)N)N)=O
GlucoseAmm	G3	C(CO)(C(C(C)O)C(C=O)O)=O
GlucoseAmm	G3	C(CO)(C(C(C)O)N)=O
GlucoseAmm	G3	C(CO)(C(C(C)O)O)=O
GlucoseAmm	G3	C(CO)(C(C(CCO)O)O)=O
GlucoseAmm	G3	C(CO)(C(C(CN)O)N)=O
GlucoseAmm	G3	C(CO)(C(C(CN)O)O)=O
GlucoseAmm	G3	C(CO)(C(C(CO)(C)O)N)=O
GlucoseAmm	G3	C(CO)(C(C(CO)(C)O)O)=O
GlucoseAmm	G3	C(CO)(C(C(CO)(CN)O)N)=O
GlucoseAmm	G3	C(CO)(C(C(CO)(CN)O)O)=O
GlucoseAmm	G3	C(CO)(C(C(CO)O)N)=O
GlucoseAmm	G3	C(CO)(C(C(CO)O)O)=O
GlucoseAmm	G3	C(CO)(C(CC(CN)=O)N)=O
GlucoseAmm	G3	C(CO)(C(CC(CN)=O)O)=O
GlucoseAmm	G3	C(CO)(C(CC(CO)=O)N)=O
GlucoseAmm	G3	C(CO)(C(CC(CO)O)N)=O
GlucoseAmm	G3	C(CO)(C(CC(CO)O)O)=O
GlucoseAmm	G3	C(CO)(C(CN)N)=O
GlucoseAmm	G3	C(CO)(C(CN)O)=O
GlucoseAmm	G3	C(CO)(C(CO)(C(C)O)O)=O
GlucoseAmm	G3	C(CO)(C(CO)(C(CN)O)O)=O
GlucoseAmm	G3	C(CO)(C(CO)(CO)O)=O
GlucoseAmm	G3	C(CO)(C(CO)C(C(C)=O)O)=O
GlucoseAmm	G3	C(CO)(C(CO)C(C)O)=O
GlucoseAmm	G3	C(CO)(C(CO)C(C=O)O)=O
GlucoseAmm	G3	C(CO)(C(CO)C(CN)O)=O
GlucoseAmm	G3	C(CO)(C(CO)C(CO)O)=O
GlucoseAmm	G3	C(CO)(C(CO)N)=O
GlucoseAmm	G3	C(CO)(CC(C(CO)O)N)=O
GlucoseAmm	G3	C(CO)(CC(CC(CO)=O)O)=O
GlucoseAmm	G3	C(CO)(CC(CN)O)=O
GlucoseAmm	G3	C(CO)(CC(CO)O)=O
GlucoseAmm	G3	C1(C(C(C(C(C1)N)O)O)O)=O
GlucoseAmm	G3	C1(C(C(C(C(C1)O)O)N)O)=O
GlucoseAmm	G3	C1(C(C(C(C(C1)O)O)O)N)=O
GlucoseAmm	G3	C1(C(C(C(C(CO)O)O1)N)O)=O
GlucoseAmm	G3	C1(C(C(C(C(CO)O1)O)N)O)=O
GlucoseAmm	G3	C1(C(C(C(C(CO1)O)O)N)O)=O
GlucoseAmm	G3	C1(C(C(C(C)(C1N)O)O)O)=O
GlucoseAmm	G3	C1(C(C(C(C)(C1O)O)O)O)=O
GlucoseAmm	G3	C1(C(C(C(C1(C)N)O)O)O)=O
GlucoseAmm	G3	C1(C(C(C(C1(C)O)O)O)O)=O
GlucoseAmm	G3	C1(C(C(C(C1)O)(CN)O)O)=O
GlucoseAmm	G3	C1(C(C(C(C1)O)(CO)O)O)=O
GlucoseAmm	G3	C1(C(C(C(C1)O)O)O)=O
GlucoseAmm	G3	C1(C(C(C(C1CN)O)O)O)=O
GlucoseAmm	G3	C1(C(C(C(C1CO)N)O)O)=O
GlucoseAmm	G3	C1(C(C(C(C1CO)O)N)O)=O
GlucoseAmm	G3	C1(C(C(C(C1CO)O)O)N)=O
GlucoseAmm	G3	C1(C(C(C(CC1N)O)O)O)=O
GlucoseAmm	G3	C1(C(C(C(CC1O)O)O)O)=O
GlucoseAmm	G3	C1(C(C(C(CN)(C1)O)O)O)=O
GlucoseAmm	G3	C1(C(C(C(CO)(C1)O)O)O)=O
GlucoseAmm	G3	C1(C(C(C(CO)C1N)O)O)=O
GlucoseAmm	G3	C1(C(C(C(CO)O1)O)O)=CN
GlucoseAmm	G3	C1(C(C(C(CO1)O)O)O)=CN
GlucoseAmm	G3	C1(C(C(C(O)OCC1)N)O)=O
GlucoseAmm	G3	C1(C(C(C(O)OCC1)O)N)=O
GlucoseAmm	G3	C1(C(C(CC(C1N)O)O)O)=O
GlucoseAmm	G3	C1(C(C(CC(C1O)O)O)O)=O
GlucoseAmm	G3	C1(C(C(CN)(O)OCC1)O)=O
GlucoseAmm	G3	C1(C(C(CO)(O)OCC1)O)=O
GlucoseAmm	G3	C1(C(C(CO)N)OC(C1)O)=O
GlucoseAmm	G3	C1(C(C(CO)NCC1N)O)=O
GlucoseAmm	G3	C1(C(C(CO)NCC1O)O)=O
GlucoseAmm	G3	C1(C(C(CO)O)NCC1N)=O
GlucoseAmm	G3	C1(C(C(CO)O)OC(C1)N)=O
GlucoseAmm	G3	C1(C(C(CO)O)OCC1N)=O
GlucoseAmm	G3	C1(C(C(CO)O)OCC1O)=O
GlucoseAmm	G3	C1(C(C(CO)OC(C1)N)O)=O
GlucoseAmm	G3	C1(C(C(CO)OC(C1)O)N)=O
GlucoseAmm	G3	C1(C(C(CO)OCC1N)O)=O
GlucoseAmm	G3	C1(C(C(COC(C1)N)O)O)=O
GlucoseAmm	G3	C1(C(C(COC(C1)O)N)O)=O
GlucoseAmm	G3	C1(C(C(COC(C1)O)O)N)=O
GlucoseAmm	G3	C1(C(C(COCC1N)O)O)=O
GlucoseAmm	G3	C1(C(C(N)OC(CO)C1)O)=O
GlucoseAmm	G3	C1(C(C(N)OCC(C1)O)O)=O
GlucoseAmm	G3	C1(C(C(O)OC(CO)C1)N)=O
GlucoseAmm	G3	C1(C(C(O)OCC(C1)N)O)=O
GlucoseAmm	G3	C1(C(C(O)OCC(C1)O)N)=O
GlucoseAmm	G3	C1(C(C(O)OCCC1N)O)=O
GlucoseAmm	G3	C1(C(C)OC(C(C1O)O)O)=O
GlucoseAmm	G3	C1(C(CC(C(CO)O)O1)N)=O
GlucoseAmm	G3	C1(C(CC(C(CO)O)O1)O)=O
GlucoseAmm	G3	C1(C(CC(C(CO)O1)O)N)=O
GlucoseAmm	G3	C1(C(CC(C(CO)O1)O)O)=O
GlucoseAmm	G3	C1(C(CC(C(CO1)O)O)N)=O
GlucoseAmm	G3	C1(C(CC(C(CO1)O)O)O)=O
GlucoseAmm	G3	C1(C(CC(C1(CO)O)O)N)=O
GlucoseAmm	G3	C1(C(CC(C1(CO)O)O)O)=O
GlucoseAmm	G3	C1(C(CC(CO)(C1N)O)O)=O
GlucoseAmm	G3	C1(C(CC(CO)(C1O)O)O)=O
GlucoseAmm	G3	C1(C(CC(O)OCC1O)O)=O
GlucoseAmm	G3	C1(C(CN)(O)OC(CO)C1)=O
GlucoseAmm	G3	C1(C(CN)(O)OCC(C1)O)=O
GlucoseAmm	G3	C1(C(CN)OC(C(C1)O)O)=O
GlucoseAmm	G3	C1(C(CN)OC(CO)C1O)=O
GlucoseAmm	G3	C1(C(CN)OCC(C1O)O)=O
GlucoseAmm	G3	C1(C(CNC1C(CO)O)O)=O
GlucoseAmm	G3	C1(C(CO)(O)OC(CO)C1)=O
GlucoseAmm	G3	C1(C(CO)(O)OCC(C1)O)=O
GlucoseAmm	G3	C1(C(CO)OC(C(C1)N)O)=O
GlucoseAmm	G3	C1(C(CO)OC(CC1N)O)=O
GlucoseAmm	G3	C1(C(CO)OC(CC1O)O)=O
GlucoseAmm	G3	C1(C(CO)OC(CN)(C1)O)=O
GlucoseAmm	G3	C1(C(CO)OC(CO)(C1)O)=O
GlucoseAmm	G3	C1(C(CO)OC(CO)C1O)=O
GlucoseAmm	G3	C1(C(CO)OCC(C1O)O)=O
GlucoseAmm	G3	C1(C(COC(C(C1)N)O)O)=O
GlucoseAmm	G3	C1(C(COC(C(C1)O)O)N)=O
GlucoseAmm	G3	C1(C(COC(CC1N)O)O)=O
GlucoseAmm	G3	C1(C(COC(CN)(C1)O)O)=O
GlucoseAmm	G3	C1(C(COC(CO)(C1)O)O)=O
GlucoseAmm	G3	C1(C(O)OC(CO)C(C1)N)=O
GlucoseAmm	G3	C1(C(O)OC(CO)CC1N)=O
GlucoseAmm	G3	C1(C(O)OCC(C(C1)N)O)=O
GlucoseAmm	G3	C1(C(O)OCC(CC1N)O)=O
GlucoseAmm	G3	C1(CC(C(C(CO)O1)O)N)=O
GlucoseAmm	G3	C1(CC(C(C(CO1)O)O)N)=O
GlucoseAmm	G3	C1(CC(C(C1(CN)O)O)O)=O
GlucoseAmm	G3	C1(CC(C(C1(CO)N)O)O)=O
GlucoseAmm	G3	C1(CC(C(C1(CO)O)O)N)=O
GlucoseAmm	G3	C1(COC(C(C(C1)N)O)O)=O
GlucoseAmm	G3	C1(COC(C(C1)O)(CN)O)=O
GlucoseAmm	G3	C1(COC(C(CC1N)O)O)=O
GlucoseAmm	G3	C1(COC(C(CC1O)O)O)=O
GlucoseAmm	G3	C1(COC(C(CO)O)(C1)O)=O
GlucoseAmm	G3	C1(COC(C(CO)O)C1N)=O
GlucoseAmm	G3	C1(COC(C)(C(C1O)O)O)=O
GlucoseAmm	G3	C1(COC(CC(C1O)O)O)=O
GlucoseAmm	G3	C1(COC(CCO)(C1O)O)=O
GlucoseAmm	G3	C1(COC(CO)(C(C1)O)O)=O
GlucoseAmm	G3	C1(COC(CO)(CC1O)O)=O
GlucoseAmm	G3	C1(COC(CO)C(C1N)O)=O
GlucoseAmm	G3	C1(COC(CO)C(C1O)N)=O
GlucoseAmm	G3	C1(COCC(C(C1N)O)O)=O
GlucoseAmm	G3	C1(COCC(C(C1O)N)O)=O
GlucoseAmm	G3	C1C(C(C(C(C(O)O1)N)O)O)O
GlucoseAmm	G3	C1C(C(C(C(C=1)=O)O)O)O
GlucoseAmm	G3	C1C(C(C(C(CN)(O)O1)N)O)O
GlucoseAmm	G3	C1C(C(C(C(CN)(O)O1)O)N)O
GlucoseAmm	G3	C1C(C(C(C(CN)N)(O)O1)O)O
GlucoseAmm	G3	C1C(C(C(C(CN)O)(O)O1)O)O
GlucoseAmm	G3	C1C(C(C(C(CO)(O)O1)N)O)O
GlucoseAmm	G3	C1C(C(C(C(CO)(O)O1)O)N)O
GlucoseAmm	G3	C1C(C(C(C(CO)N)(O)O1)O)O
GlucoseAmm	G3	C1C(C(C(C=1)=O)(CO)O)O
GlucoseAmm	G3	C1C(C(C(C=1C=O)O)O)O
GlucoseAmm	G3	C1C(C(C(C=1CO)=O)O)O
GlucoseAmm	G3	C1C(C(C(CCO)(O)O1)O)O
GlucoseAmm	G3	C1C(COC(C(C=1N)O)O)O
GlucoseAmm	G3	C1C(O)OCC(C(C=1N)O)O
GlucoseAmm	G3	C=C(C(C(C(CO)O)O)=O)N
GlucoseAmm	G3	C=C1C(C(C(C1O)O)O)=O
GlucoseAmm	G3	CC1(C(C(C(CO)O1)O)O)O
GlucoseAmm	G3	CC1(C(C(C(CO1)O)O)O)O
GlucoseAmm	G4	C(C(C(C(C(C)=O)N)O)N)=O
GlucoseAmm	G4	C(C(C(C(C(C)=O)O)N)N)=O
GlucoseAmm	G4	C(C(C(C(C(C)N)=O)O)O)(C)=O
GlucoseAmm	G4	C(C(C(C(C(C)N)N)=O)N)=O
GlucoseAmm	G4	C(C(C(C(C(C)N)N)N)=O)=O
GlucoseAmm	G4	C(C(C(C(C(C)N)O)=O)N)=O
GlucoseAmm	G4	C(C(C(C(C(C)N)O)N)=O)=O
GlucoseAmm	G4	C(C(C(C(C(C)O)=O)O)N)(C)=O
GlucoseAmm	G4	C(C(C(C(C(C)O)=O)O)O)(C)=O
GlucoseAmm	G4	C(C(C(C(C(C)O)N)=O)N)=O
GlucoseAmm	G4	C(C(C(C(C(C)O)N)N)=O)=O
GlucoseAmm	G4	C(C(C(C(C(C)O)N)O)N)=O
GlucoseAmm	G4	C(C(C(C(C(C)O)N)O)O)=O
GlucoseAmm	G4	C(C(C(C(C(C)O)O)=O)CO)=O
GlucoseAmm	G4	C(C(C(C(C(C)O)O)=O)N)=O
GlucoseAmm	G4	C(C(C(C(C(C)O)O)N)=O)=O
GlucoseAmm	G4	C(C(C(C(C(C)O)O)O)N)=O
GlucoseAmm	G4	C(C(C(C(C(C)O)O)O)O)=O
GlucoseAmm	G4	C(C(C(C(C(C=O)=C)N)O)O)=O
GlucoseAmm	G4	C(C(C(C(C(C=O)=C)O)N)O)=O
GlucoseAmm	G4	C(C(C(C(C(C=O)=C)O)O)O)=O
GlucoseAmm	G4	C(C(C(C(C(C=O)N)O)O)N)=O
GlucoseAmm	G4	C(C(C(C(C(C=O)O)N)=O)O)=O
GlucoseAmm	G4	C(C(C(C(C(C=O)O)N)O)N)=O
GlucoseAmm	G4	C(C(C(C(C(C=O)O)N)O)O)=O
GlucoseAmm	G4	C(C(C(C(C(C=O)O)O)N)N)=O
GlucoseAmm	G4	C(C(C(C(C(CN)=C)=O)O)O)=O
GlucoseAmm	G4	C(C(C(C(C(CN)=O)N)O)O)=O
GlucoseAmm	G4	C(C(C(C(C(CN)=O)O)N)O)=O
GlucoseAmm	G4	C(C(C(C(C(CN)=O)O)O)N)=O
GlucoseAmm	G4	C(C(C(C(C(CN)N)N)O)O)O
GlucoseAmm	G4	C(C(C(C(C(CN)N)O)N)O)O
GlucoseAmm	G4	C(C(C(C(C(CN)N)O)O)N)O
GlucoseAmm	G4	C(C(C(C(C(CN)N)O)O)O)=O
GlucoseAmm	G4	C(C(C(C(C(CN)N)O)O)O)O
GlucoseAmm	G4	C(C(C(C(C(CN)O)N)=O)O)=O
GlucoseAmm	G4	C(C(C(C(C(CN)O)N)N)O)O
GlucoseAmm	G4	C(C(C(C(C(CN)O)N)O)N)=O
GlucoseAmm	G4	C(C(C(C(C(CN)O)N)O)O)=O
GlucoseAmm	G4	C(C(C(C(C(CN)O)N)O)O)O
GlucoseAmm	G4	C(C(C(C(C(CN)O)O)=O)O)=O
GlucoseAmm	G4	C(C(C(C(C(CN)O)O)N)O)=O
GlucoseAmm	G4	C(C(C(C(C(CN)O)O)N)O)O
GlucoseAmm	G4	C(C(C(C(C(CN)O)O)O)N)=O
GlucoseAmm	G4	C(C(C(C(C(CN)O)O)O)N)O
GlucoseAmm	G4	C(C(C(C(C(CN)O)O)O)O)N
GlucoseAmm	G4	C(C(C(C(C(CN)O)O)O)O)O
GlucoseAmm	G4	C(C(C(C(C(CO)=C)=O)N)O)=O
GlucoseAmm	G4	C(C(C(C(C(CO)=C)=O)O)N)=O
GlucoseAmm	G4	C(C(C(C(C(CO)=C)=O)O)O)=O
GlucoseAmm	G4	C(C(C(C(C(CO)=O)=C)N)O)=O
GlucoseAmm	G4	C(C(C(C(C(CO)=O)=C)O)O)=O
GlucoseAmm	G4	C(C(C(C(C(CO)=O)N)N)O)=O
GlucoseAmm	G4	C(C(C(C(C(CO)=O)O)N)O)=O
GlucoseAmm	G4	C(C(C(C(C(CO)=O)O)O)N)=O
GlucoseAmm	G4	C(C(C(C(C(CO)N)O)=O)N)=O
GlucoseAmm	G4	C(C(C(C(C(CO)N)O)=O)O)=O
GlucoseAmm	G4	C(C(C(C(C(CO)N)O)N)N)=O
GlucoseAmm	G4	C(C(C(C(C(CO)N)O)N)O)=O
GlucoseAmm	G4	C(C(C(C(C(CO)O)=O)O)N)=O
GlucoseAmm	G4	C(C(C(C(C(CO)O)N)=O)N)=O
GlucoseAmm	G4	C(C(C(C(C(CO)O)N)=O)O)=O
GlucoseAmm	G4	C(C(C(C(C(CO)O)N)N)=O)=O
GlucoseAmm	G4	C(C(C(C(C(CO)O)N)N)N)=O
GlucoseAmm	G4	C(C(C(C(C(CO)O)O)N)O)(N)=O
GlucoseAmm	G4	C(C(C(C(C(N)=C)=O)O)O)=O
GlucoseAmm	G4	C(C(C(C(C(N)=C)O)=O)CO)=O
GlucoseAmm	G4	C(C(C(C(C(N)=C)O)O)N)=O
GlucoseAmm	G4	C(C(C(C(C(N)=C)O)O)O)=O
GlucoseAmm	G4	C(C(C(C(C)(CO)O)N)N)=O
GlucoseAmm	G4	C(C(C(C(C)(CO)O)O)N)=O
GlucoseAmm	G4	C(C(C(C(C)=O)O)N)(CCO)=O
GlucoseAmm	G4	C(C(C(C(C)N)=O)(C(C)O)O)=O
GlucoseAmm	G4	C(C(C(C(C)N)=O)(CCO)O)=O
GlucoseAmm	G4	C(C(C(C(C)N)O)(CC=O)O)=O
GlucoseAmm	G4	C(C(C(C(C)N)O)C(C=O)O)=O
GlucoseAmm	G4	C(C(C(C(C)N)O)N)=O
GlucoseAmm	G4	C(C(C(C(C)N)O)O)(C(C)O)=O
GlucoseAmm	G4	C(C(C(C(C)N)O)O)(CCO)=O
GlucoseAmm	G4	C(C(C(C(C)N)O)O)=O
GlucoseAmm	G4	C(C(C(C(C)O)C(C=O)O)N)=O
GlucoseAmm	G4	C(C(C(C(C)O)C(CN)O)=O)=O
GlucoseAmm	G4	C(C(C(C(C)O)N)N)=O
GlucoseAmm	G4	C(C(C(C(C)O)O)N)=O
GlucoseAmm	G4	C(C(C(C(C=O)O)N)N)=O
GlucoseAmm	G4	C(C(C(C(C=O)O)O)C(C)O)=O
GlucoseAmm	G4	C(C(C(C(CC(C)O)=O)O)N)=O
GlucoseAmm	G4	C(C(C(C(CC(C)O)N)=O)O)=O
GlucoseAmm	G4	C(C(C(C(CCN)=O)O)O)(C)=O
GlucoseAmm	G4	C(C(C(C(CCN)N)=O)N)=O
GlucoseAmm	G4	C(C(C(C(CCN)N)N)=O)=O
GlucoseAmm	G4	C(C(C(C(CCN)N)N)O)=O
GlucoseAmm	G4	C(C(C(C(CCN)N)O)O)=O
GlucoseAmm	G4	C(C(C(C(CCN)N)O)O)O
GlucoseAmm	G4	C(C(C(C(CCN)O)=O)CO)=O
GlucoseAmm	G4	C(C(C(C(CCN)O)=O)N)=O
GlucoseAmm	G4	C(C(C(C(CCN)O)N)=O)=O
GlucoseAmm	G4	C(C(C(C(CCN)O)N)O)=O
GlucoseAmm	G4	C(C(C(C(CCN)O)N)O)O
GlucoseAmm	G4	C(C(C(C(CCN)O)O)N)=O
GlucoseAmm	G4	C(C(C(C(CCN)O)O)N)O
GlucoseAmm	G4	C(C(C(C(CCN)O)O)O)=O
GlucoseAmm	G4	C(C(C(C(CCN)O)O)O)O
GlucoseAmm	G4	C(C(C(C(CCO)=O)O)N)(C)=O
GlucoseAmm	G4	C(C(C(C(CCO)N)=O)(C)O)=O
GlucoseAmm	G4	C(C(C(C(CCO)N)N)O)=O
GlucoseAmm	G4	C(C(C(C(CCO)N)O)N)=O
GlucoseAmm	G4	C(C(C(C(CCO)O)O)N)=O
GlucoseAmm	G4	C(C(C(C(CN)(CO)O)N)N)=O
GlucoseAmm	G4	C(C(C(C(CN)(CO)O)O)N)=O
GlucoseAmm	G4	C(C(C(C(CN)=O)N)O)=O
GlucoseAmm	G4	C(C(C(C(CN)=O)O)N)=O
GlucoseAmm	G4	C(C(C(C(CN)N)=O)(C)O)=O
GlucoseAmm	G4	C(C(C(C(CN)N)=O)O)=O
GlucoseAmm	G4	C(C(C(C(CN)N)O)N)=O
GlucoseAmm	G4	C(C(C(C(CN)N)O)O)=O
GlucoseAmm	G4	C(C(C(C(CN)N)O)O)O
GlucoseAmm	G4	C(C(C(C(CN)O)N)N)=O
GlucoseAmm	G4	C(C(C(C(CN)O)O)N)=O
GlucoseAmm	G4	C(C(C(C(CO)=O)N)N)=O
GlucoseAmm	G4	C(C(C(C(CO)=O)O)N)=O
GlucoseAmm	G4	C(C(C(C(CO)N)=O)O)=O
GlucoseAmm	G4	C(C(C(C(CO)N)O)N)=O
GlucoseAmm	G4	C(C(C(C(CO)N)O)O)=O
GlucoseAmm	G4	C(C(C(C(CO)O)=O)C(C)O)=O
GlucoseAmm	G4	C(C(C(C(CO)O)C(C)O)=O)=O
GlucoseAmm	G4	C(C(C(C(CO)O)N)N)=O
GlucoseAmm	G4	C(C(C(C(N)=C)(CO)O)N)=O
GlucoseAmm	G4	C(C(C(C(N)=C)(CO)O)O)(C)=O
GlucoseAmm	G4	C(C(C(C(N)=C)(CO)O)O)=O
GlucoseAmm	G4	C(C(C(C(N)=C)O)N)=O
GlucoseAmm	G4	C(C(C(C(N)=C)O)O)(C(C)O)=O
GlucoseAmm	G4	C(C(C(C(N)=C)O)O)(CCO)=O
GlucoseAmm	G4	C(C(C(C(N)=C)O)O)=O
GlucoseAmm	G4	C(C(C(C(N)=O)O)O)(CCO)=O
GlucoseAmm	G4	C(C(C(C)(C(C(C)=O)O)O)N)=O
GlucoseAmm	G4	C(C(C(C)(C(C(C)N)O)O)=O)=O
GlucoseAmm	G4	C(C(C(C)(C(C(C)O)O)O)N)=O
GlucoseAmm	G4	C(C(C(C)(C(C(C)O)O)O)O)=O
GlucoseAmm	G4	C(C(C(C)(C(C)(CN)O)O)=O)=O
GlucoseAmm	G4	C(C(C(C)(C(C=O)N)O)N)=O
GlucoseAmm	G4	C(C(C(C)(C(CCO)O)O)=O)=O
GlucoseAmm	G4	C(C(C(C)(C(CN)N)O)O)=O
GlucoseAmm	G4	C(C(C(C)(C(CN)O)N)=O)=O
GlucoseAmm	G4	C(C(C(C)(C(CN)O)O)=O)=O
GlucoseAmm	G4	C(C(C(C)(C(CN)O)O)N)=O
GlucoseAmm	G4	C(C(C(C)(C(CN)O)O)O)=O
GlucoseAmm	G4	C(C(C(C)(C(CO)(C)O)O)=O)=O
GlucoseAmm	G4	C(C(C(C)(C(CO)N)O)N)=O
GlucoseAmm	G4	C(C(C(C)(C(CO)N)O)O)=O
GlucoseAmm	G4	C(C(C(C)(C(CO)O)O)=O)=O
GlucoseAmm	G4	C(C(C(C)(CC(CN)=O)O)O)=O
GlucoseAmm	G4	C(C(C(C)(CCN)O)O)=O
GlucoseAmm	G4	C(C(C(C)(CN)O)(CC=O)O)=O
GlucoseAmm	G4	C(C(C(C)(CN)O)C(C=O)O)=O
GlucoseAmm	G4	C(C(C(C)(CN)O)O)(C(C)O)=O
GlucoseAmm	G4	C(C(C(C)(CN)O)O)(CCO)=O
GlucoseAmm	G4	C(C(C(C)(CN)O)O)=O
GlucoseAmm	G4	C(C(C(C)(CO)O)C(C=O)N)=O
GlucoseAmm	G4	C(C(C(C)(CO)O)N)(CCO)=O
GlucoseAmm	G4	C(C(C(C)=O)(C(C)(CN)O)O)=O
GlucoseAmm	G4	C(C(C(C)=O)(C(CN)O)N)=O
GlucoseAmm	G4	C(C(C(C)=O)(C(CO)N)O)=O
GlucoseAmm	G4	C(C(C(C)=O)C(CO)(CN)O)=O
GlucoseAmm	G4	C(C(C(C)N)(C(C(C)=O)O)O)=O
GlucoseAmm	G4	C(C(C(C)N)(C(C=O)N)O)=O
GlucoseAmm	G4	C(C(C(C)N)(C(C=O)O)O)=O
GlucoseAmm	G4	C(C(C(C)N)=O)(C(CN)N)=O
GlucoseAmm	G4	C(C(C(C)N)O)(C(CN)O)=O
GlucoseAmm	G4	C(C(C(C)N)O)(C(CO)O)=O
GlucoseAmm	G4	C(C(C(C)N)O)(CCO)=O
GlucoseAmm	G4	C(C(C(C)O)(C(C(C)=O)N)O)=O
GlucoseAmm	G4	C(C(C(C)O)(C(C(C)N)O)O)=O
GlucoseAmm	G4	C(C(C(C)O)(C(C(N)=C)O)O)=O
GlucoseAmm	G4	C(C(C(C)O)(C(C)(CN)O)O)=O
GlucoseAmm	G4	C(C(C(C)O)(C(C)O)O)=O
GlucoseAmm	G4	C(C(C(C)O)(C(C=O)(C)O)O)=O
GlucoseAmm	G4	C(C(C(C)O)(C(C=O)N)O)=O
GlucoseAmm	G4	C(C(C(C)O)(C(CCO)O)O)=O
GlucoseAmm	G4	C(C(C(C)O)(C(CN)O)O)=O
GlucoseAmm	G4	C(C(C(C)O)(C(CO)(C)O)O)=O
GlucoseAmm	G4	C(C(C(C)O)(CC(CN)=O)O)=O
GlucoseAmm	G4	C(C(C(C)O)(CCN)O)=O
GlucoseAmm	G4	C(C(C(C)O)=O)(C(CN)N)=O
GlucoseAmm	G4	C(C(C(C)O)=O)(C(CO)N)=O
GlucoseAmm	G4	C(C(C(C)O)C(C(C)N)O)=O
GlucoseAmm	G4	C(C(C(C)O)C(C(CO)=O)N)=O
GlucoseAmm	G4	C(C(C(C)O)C(C(CO)=O)O)=O
GlucoseAmm	G4	C(C(C(C)O)C(C(CO)N)O)=O
GlucoseAmm	G4	C(C(C(C)O)C(C(N)=C)O)=O
GlucoseAmm	G4	C(C(C(C)O)C(C)(CN)O)=O
GlucoseAmm	G4	C(C(C(C)O)C(CCO)O)=O
GlucoseAmm	G4	C(C(C(C)O)C(CN)O)=O
GlucoseAmm	G4	C(C(C(C)O)N)(C(C(C)=O)O)=O
GlucoseAmm	G4	C(C(C(C)O)N)(C(CO)N)=O
GlucoseAmm	G4	C(C(C(C)O)N)(CC(CO)=O)=O
GlucoseAmm	G4	C(C(C(C)O)N)(CCO)=O
GlucoseAmm	G4	C(C(C(C)O)N)(O)=O
GlucoseAmm	G4	C(C(C(C)O)O)(C(C(C)=O)O)=O
GlucoseAmm	G4	C(C(C(C)O)O)(C(C(C)O)N)=O
GlucoseAmm	G4	C(C(C(C)O)O)(C(C(C)O)O)=O
GlucoseAmm	G4	C(C(C(C)O)O)(C(C)N)=O
GlucoseAmm	G4	C(C(C(C)O)O)(C(C)O)=O
GlucoseAmm	G4	C(C(C(C)O)O)(C(CN)N)=O
GlucoseAmm	G4	C(C(C(C)O)O)(C(CN)O)=O
GlucoseAmm	G4	C(C(C(C)O)O)(C(CO)N)=O
GlucoseAmm	G4	C(C(C(C)O)O)(CC(C)O)=O
GlucoseAmm	G4	C(C(C(C)O)O)(CC(CN)=O)=O
GlucoseAmm	G4	C(C(C(C)O)O)(CC(CN)O)=O
GlucoseAmm	G4	C(C(C(C)O)O)(CC(CO)=O)=O
GlucoseAmm	G4	C(C(C(C)O)O)(CC(CO)O)=O
GlucoseAmm	G4	C(C(C(C)O)O)(CCN)=O
GlucoseAmm	G4	C(C(C(C=O)(C(C=O)N)O)O)=O
GlucoseAmm	G4	C(C(C(C=O)C(C(N)=C)O)O)=O
GlucoseAmm	G4	C(C(C(C=O)N)N)(C(C)N)=O
GlucoseAmm	G4	C(C(C(C=O)N)N)(C(C)O)=O
GlucoseAmm	G4	C(C(C(C=O)N)N)(C(CO)O)=O
GlucoseAmm	G4	C(C(C(C=O)N)N)(CCN)=O
GlucoseAmm	G4	C(C(C(C=O)O)N)(C(CN)O)=O
GlucoseAmm	G4	C(C(C(C=O)O)N)(C(CO)N)=O
GlucoseAmm	G4	C(C(C(C=O)O)N)(CC(C)O)=O
GlucoseAmm	G4	C(C(C(C=O)O)NCCN)=O
GlucoseAmm	G4	C(C(C(C=O)O)O)(C(CN)N)=O
GlucoseAmm	G4	C(C(C(C=O)O)O)(C(CN)O)=O
GlucoseAmm	G4	C(C(C(C=O)O)O)(C(CO)N)=O
GlucoseAmm	G4	C(C(C(C=O)O)O)(CC(C)N)=O
GlucoseAmm	G4	C(C(C(CC(C(C)=O)O)O)N)=O
GlucoseAmm	G4	C(C(C(CC(C(C)=O)O)O)O)=O
GlucoseAmm	G4	C(C(C(CC(C)O)=O)O)(O)=O
GlucoseAmm	G4	C(C(C(CC(C)O)O)N)=O
GlucoseAmm	G4	C(C(C(CC(C)O)O)O)=O
GlucoseAmm	G4	C(C(C(CC(C=O)N)N)N)=O
GlucoseAmm	G4	C(C(C(CC(CCO)O)=O)N)=O
GlucoseAmm	G4	C(C(C(CC(CN)=O)N)N)=O
GlucoseAmm	G4	C(C(C(CC(CN)=O)N)O)=O
GlucoseAmm	G4	C(C(C(CC(CN)=O)O)N)=O
GlucoseAmm	G4	C(C(C(CC(CN)N)=O)O)=O
GlucoseAmm	G4	C(C(C(CC(CN)N)N)O)=O
GlucoseAmm	G4	C(C(C(CC(CN)N)O)O)=O
GlucoseAmm	G4	C(C(C(CC(CN)N)O)O)O
GlucoseAmm	G4	C(C(C(CC(CN)O)=O)CO)=O
GlucoseAmm	G4	C(C(C(CC(CN)O)=O)N)=O
GlucoseAmm	G4	C(C(C(CC(CN)O)N)=O)=O
GlucoseAmm	G4	C(C(C(CC(CN)O)N)N)=O
GlucoseAmm	G4	C(C(C(CC(CN)O)N)O)=O
GlucoseAmm	G4	C(C(C(CC(CN)O)O)N)=O
GlucoseAmm	G4	C(C(C(CC(CN)O)O)O)=O
GlucoseAmm	G4	C(C(C(CC(CO)=O)N)N)=O
GlucoseAmm	G4	C(C(C(CC(CO)CN)=O)O)=O
GlucoseAmm	G4	C(C(C(CC(CO)O)=O)CO)=O
GlucoseAmm	G4	C(C(C(CC(CO)O)N)N)=O
GlucoseAmm	G4	C(C(C(CC(CO)O)N)O)=O
GlucoseAmm	G4	C(C(C(CC(CO)O)O)N)=O
GlucoseAmm	G4	C(C(C(CC=O)O)(C(C)O)O)=O
GlucoseAmm	G4	C(C(C(CC=O)O)C(CN)O)=O
GlucoseAmm	G4	C(C(C(CC=O)O)C(CO)O)=O
GlucoseAmm	G4	C(C(C(CCN)O)O)=O
GlucoseAmm	G4	C(C(C(CCO)O)(CC=O)O)=O
GlucoseAmm	G4	C(C(C(CCO)O)C(C=O)N)=O
GlucoseAmm	G4	C(C(C(CCO)O)C(C=O)O)=O
GlucoseAmm	G4	C(C(C(CCO)O)N)(CCO)=O
GlucoseAmm	G4	C(C(C(CCO)O)N)=O
GlucoseAmm	G4	C(C(C(CCO)O)O)(C(C)N)=O
GlucoseAmm	G4	C(C(C(CCO)O)O)(C(C)O)=O
GlucoseAmm	G4	C(C(C(CCO)O)O)(CCN)=O
GlucoseAmm	G4	C(C(C(CCO)O)O)(CCO)=O
GlucoseAmm	G4	C(C(C(CCO)O)O)=O
GlucoseAmm	G4	C(C(C(CN)(C(C)O)O)O)=O
GlucoseAmm	G4	C(C(C(CN)(C(C=O)O)O)N)=O
GlucoseAmm	G4	C(C(C(CN)(C(C=O)O)O)O)=O
GlucoseAmm	G4	C(C(C(CN)(C(CN)N)O)O)O
GlucoseAmm	G4	C(C(C(CN)(C(CN)O)O)N)=O
GlucoseAmm	G4	C(C(C(CN)(C(CN)O)O)N)O
GlucoseAmm	G4	C(C(C(CN)(C(CN)O)O)O)=O
GlucoseAmm	G4	C(C(C(CN)(C(CN)O)O)O)O
GlucoseAmm	G4	C(C(C(CN)(C(CO)N)O)N)=O
GlucoseAmm	G4	C(C(C(CN)(C(CO)N)O)O)=O
GlucoseAmm	G4	C(C(C(CN)(C(CO)O)O)N)O
GlucoseAmm	G4	C(C(C(CN)(C(CO)O)O)O)O
GlucoseAmm	G4	C(C(C(CN)(C)O)N)=O
GlucoseAmm	G4	C(C(C(CN)(CCN)O)O)O
GlucoseAmm	G4	C(C(C(CN)(CCO)O)N)=O
GlucoseAmm	G4	C(C(C(CN)(CCO)O)O)=O
GlucoseAmm	G4	C(C(C(CN)=O)(C(C)O)O)=O
GlucoseAmm	G4	C(C(C(CN)=O)(C(C=O)O)O)=O
GlucoseAmm	G4	C(C(C(CN)=O)(C(CN)O)O)=O
GlucoseAmm	G4	C(C(C(CN)=O)(C(CO)N)O)=O
GlucoseAmm	G4	C(C(C(CN)=O)(C(CO)O)O)=O
GlucoseAmm	G4	C(C(C(CN)=O)(CCO)O)=O
GlucoseAmm	G4	C(C(C(CN)=O)C(C)(CO)O)=O
GlucoseAmm	G4	C(C(C(CN)=O)C(CCO)O)=O
GlucoseAmm	G4	C(C(C(CN)=O)C(CN)O)=O
GlucoseAmm	G4	C(C(C(CN)=O)C(CO)N)=O
GlucoseAmm	G4	C(C(C(CN)=O)C(CO)O)=O
GlucoseAmm	G4	C(C(C(CN)C(C(C)=O)O)O)=O
GlucoseAmm	G4	C(C(C(CN)C(C)O)O)=O
GlucoseAmm	G4	C(C(C(CN)C(C=O)O)O)=O
GlucoseAmm	G4	C(C(C(CN)C(CCO)O)=O)=O
GlucoseAmm	G4	C(C(C(CN)C(CN)O)=O)=O
GlucoseAmm	G4	C(C(C(CN)C(CN)O)O)=O
GlucoseAmm	G4	C(C(C(CN)C(CO)O)=O)=O
GlucoseAmm	G4	C(C(C(CN)C(CO)O)O)=O
GlucoseAmm	G4	C(C(C(CN)N)=O)(CCN)=O
GlucoseAmm	G4	C(C(C(CN)N)C(C=O)O)=O
GlucoseAmm	G4	C(C(C(CN)N)N)(CCO)=O
GlucoseAmm	G4	C(C(C(CN)N)N)=O
GlucoseAmm	G4	C(C(C(CN)N)NCC=O)=O
GlucoseAmm	G4	C(C(C(CN)N)O)(C(C)N)=O
GlucoseAmm	G4	C(C(C(CN)N)O)(C(C)O)=O
GlucoseAmm	G4	C(C(C(CN)N)O)(C(CN)O)=O
GlucoseAmm	G4	C(C(C(CN)N)O)(C(CO)N)=O
GlucoseAmm	G4	C(C(C(CN)N)O)(CCN)=O
GlucoseAmm	G4	C(C(C(CN)N)O)(CCO)=O
GlucoseAmm	G4	C(C(C(CN)N)O)=O
GlucoseAmm	G4	C(C(C(CN)N)O)O
GlucoseAmm	G4	C(C(C(CN)NCC=O)N)=O
GlucoseAmm	G4	C(C(C(CN)NCC=O)O)=O
GlucoseAmm	G4	C(C(C(CN)O)(C(C)O)N)=O
GlucoseAmm	G4	C(C(C(CN)O)(C(C=O)N)O)=O
GlucoseAmm	G4	C(C(C(CN)O)(C(C=O)O)N)=O
GlucoseAmm	G4	C(C(C(CN)O)(C(CN)O)N)=O
GlucoseAmm	G4	C(C(C(CN)O)(C(CN)O)O)=O
GlucoseAmm	G4	C(C(C(CN)O)(CC=O)N)=O
GlucoseAmm	G4	C(C(C(CN)O)(CCN)O)=O
GlucoseAmm	G4	C(C(C(CN)O)(CCO)O)=O
GlucoseAmm	G4	C(C(C(CN)O)=O)(C(C)N)=O
GlucoseAmm	G4	C(C(C(CN)O)=O)(CCN)=O
GlucoseAmm	G4	C(C(C(CN)O)C(C(C)=O)O)=O
GlucoseAmm	G4	C(C(C(CN)O)C(C=O)N)=O
GlucoseAmm	G4	C(C(C(CN)O)C(CCO)O)=O
GlucoseAmm	G4	C(C(C(CN)O)C(CN)O)=O
GlucoseAmm	G4	C(C(C(CN)O)N)(C(C)N)=O
GlucoseAmm	G4	C(C(C(CN)O)N)(C(CO)N)=O
GlucoseAmm	G4	C(C(C(CN)O)N)(CCN)=O
GlucoseAmm	G4	C(C(C(CN)O)N)(CCO)=O
GlucoseAmm	G4	C(C(C(CN)O)N)N
GlucoseAmm	G4	C(C(C(CN)O)N)O
GlucoseAmm	G4	C(C(C(CN)O)NCC=O)=O
GlucoseAmm	G4	C(C(C(CN)O)O)(C(C)N)=O
GlucoseAmm	G4	C(C(C(CN)O)O)(C(C)O)=O
GlucoseAmm	G4	C(C(C(CN)O)O)(C(CN)N)=O
GlucoseAmm	G4	C(C(C(CN)O)O)(C(CN)O)=O
GlucoseAmm	G4	C(C(C(CN)O)O)(C(CO)N)=O
GlucoseAmm	G4	C(C(C(CN)O)O)(CC(C)O)=O
GlucoseAmm	G4	C(C(C(CN)O)O)(CCN)=O
GlucoseAmm	G4	C(C(C(CN)O)O)N
GlucoseAmm	G4	C(C(C(CN)O)O)O
GlucoseAmm	G4	C(C(C(CNCC=O)N)O)=O
GlucoseAmm	G4	C(C(C(CNCC=O)O)N)=O
GlucoseAmm	G4	C(C(C(CNCC=O)O)O)=O
GlucoseAmm	G4	C(C(C(CNCCN)=O)O)=O
GlucoseAmm	G4	C(C(C(CO)(C(C)N)O)N)=O
GlucoseAmm	G4	C(C(C(CO)(C(C)N)O)O)=O
GlucoseAmm	G4	C(C(C(CO)(C(C)O)O)N)=O
GlucoseAmm	G4	C(C(C(CO)(C(C)O)O)O)=O
GlucoseAmm	G4	C(C(C(CO)(C(C=O)O)O)N)=O
GlucoseAmm	G4	C(C(C(CO)(C(CN)N)O)N)=O
GlucoseAmm	G4	C(C(C(CO)(C(CN)N)O)O)=O
GlucoseAmm	G4	C(C(C(CO)(C(CN)O)O)N)=O
GlucoseAmm	G4	C(C(C(CO)(C(CN)O)O)O)=O
GlucoseAmm	G4	C(C(C(CO)(C(CO)N)O)N)=O
GlucoseAmm	G4	C(C(C(CO)(C(CO)N)O)O)=O
GlucoseAmm	G4	C(C(C(CO)(C)O)O)(C(C)N)=O
GlucoseAmm	G4	C(C(C(CO)(C)O)O)(C(C)O)=O
GlucoseAmm	G4	C(C(C(CO)(C)O)O)(CCN)=O
GlucoseAmm	G4	C(C(C(CO)(CC(C)O)O)N)=O
GlucoseAmm	G4	C(C(C(CO)(CC(C)O)O)O)=O
GlucoseAmm	G4	C(C(C(CO)(CCN)O)N)=O
GlucoseAmm	G4	C(C(C(CO)(CCN)O)O)=O
GlucoseAmm	G4	C(C(C(CO)=O)(C(C)O)O)=O
GlucoseAmm	G4	C(C(C(CO)=O)(C(CN)O)O)=O
GlucoseAmm	G4	C(C(C(CO)=O)(C(CO)N)O)=O
GlucoseAmm	G4	C(C(C(CO)=O)(CCO)O)=O
GlucoseAmm	G4	C(C(C(CO)=O)C(C(C)N)O)=O
GlucoseAmm	G4	C(C(C(CO)=O)C(C(N)=C)O)=O
GlucoseAmm	G4	C(C(C(CO)=O)C(C)(CN)O)=O
GlucoseAmm	G4	C(C(C(CO)=O)C(CCO)O)=O
GlucoseAmm	G4	C(C(C(CO)=O)C(CN)N)=O
GlucoseAmm	G4	C(C(C(CO)=O)C(CO)N)=O
GlucoseAmm	G4	C(C(C(CO)=O)O)(O)=O
GlucoseAmm	G4	C(C(C(CO)C(C(C)=O)O)N)=O
GlucoseAmm	G4	C(C(C(CO)C(C(C)N)O)=O)=O
GlucoseAmm	G4	C(C(C(CO)C(C)(CN)O)=O)=O
GlucoseAmm	G4	C(C(C(CO)C(C)O)N)=O
GlucoseAmm	G4	C(C(C(CO)C(C=O)O)N)=O
GlucoseAmm	G4	C(C(C(CO)C(CCN)O)=O)=O
GlucoseAmm	G4	C(C(C(CO)C(CCO)O)=O)=O
GlucoseAmm	G4	C(C(C(CO)C(CN)N)=O)=O
GlucoseAmm	G4	C(C(C(CO)C(CN)O)N)=O
GlucoseAmm	G4	C(C(C(CO)C(CO)N)=O)=O
GlucoseAmm	G4	C(C(C(CO)C(CO)O)N)=O
GlucoseAmm	G4	C(C(C(CO)CN)O)=O
GlucoseAmm	G4	C(C(C(CO)N)(CC=O)O)=O
GlucoseAmm	G4	C(C(C(CO)N)=O)(C(C)N)=O
GlucoseAmm	G4	C(C(C(CO)N)=O)(CCN)=O
GlucoseAmm	G4	C(C(C(CO)N)C(C=O)O)=O
GlucoseAmm	G4	C(C(C(CO)N)N)(C(CO)N)=O
GlucoseAmm	G4	C(C(C(CO)N)N)(CCN)=O
GlucoseAmm	G4	C(C(C(CO)N)N)(CCO)=O
GlucoseAmm	G4	C(C(C(CO)N)N)=O
GlucoseAmm	G4	C(C(C(CO)N)NCC=O)=O
GlucoseAmm	G4	C(C(C(CO)N)O)(C(C)N)=O
GlucoseAmm	G4	C(C(C(CO)N)O)(C(C)O)=O
GlucoseAmm	G4	C(C(C(CO)N)O)(CC(C)=O)=O
GlucoseAmm	G4	C(C(C(CO)N)O)(CCN)=O
GlucoseAmm	G4	C(C(C(CO)NCC=O)N)=O
GlucoseAmm	G4	C(C(C(CO)NCCN)O)=O
GlucoseAmm	G4	C(C(C(CO)O)(C(C=O)N)O)=O
GlucoseAmm	G4	C(C(C(CO)O)(C(CN)N)O)O
GlucoseAmm	G4	C(C(C(CO)O)(C(CN)O)N)=O
GlucoseAmm	G4	C(C(C(CO)O)(C(CN)O)O)O
GlucoseAmm	G4	C(C(C(CO)O)(CCN)O)=O
GlucoseAmm	G4	C(C(C(CO)O)=O)(C(C)N)=O
GlucoseAmm	G4	C(C(C(CO)O)=O)(C(CN)N)=O
GlucoseAmm	G4	C(C(C(CO)O)=O)(C(CO)C)=O
GlucoseAmm	G4	C(C(C(CO)O)=O)(C(CO)N)=O
GlucoseAmm	G4	C(C(C(CO)O)=O)(CCN)=O
GlucoseAmm	G4	C(C(C(CO)O)C(C(C)=O)O)=O
GlucoseAmm	G4	C(C(C(CO)O)C(C(C)N)O)=O
GlucoseAmm	G4	C(C(C(CO)O)C(C(N)=C)O)=O
GlucoseAmm	G4	C(C(C(CO)O)C(C)(CN)O)=O
GlucoseAmm	G4	C(C(C(CO)O)C(C)O)=O
GlucoseAmm	G4	C(C(C(CO)O)C(C=O)N)=O
GlucoseAmm	G4	C(C(C(CO)O)C(CCO)O)=O
GlucoseAmm	G4	C(C(C(CO)O)C(CN)O)=O
GlucoseAmm	G4	C(C(C(CO)O)C(CO)O)=O
GlucoseAmm	G4	C(C(C(CO)O)N)(C(C)N)=O
GlucoseAmm	G4	C(C(C(CO)O)N)(CCN)=O
GlucoseAmm	G4	C(C(C(CO)O)N)(O)=O
GlucoseAmm	G4	C(C(C(CO)O)NCCN)=O
GlucoseAmm	G4	C(C(C(CO)O)O)(CC(C)=O)=O
GlucoseAmm	G4	C(C(C(CO)O)O)(CC(C)O)=O
GlucoseAmm	G4	C(C(C(CO)O)O)(CC(N)=O)=O
GlucoseAmm	G4	C(C(C(CO)O)O)(N)=O
GlucoseAmm	G4	C(C(C(N)=C)(C(C(C)=O)O)O)=O
GlucoseAmm	G4	C(C(C(N)=C)(C(C)O)O)=O
GlucoseAmm	G4	C(C(C(N)=C)(C(C=O)O)O)=O
GlucoseAmm	G4	C(C(C(N)=C)(C(CC=O)O)O)=O
GlucoseAmm	G4	C(C(C(N)=C)(C(CCO)O)O)=O
GlucoseAmm	G4	C(C(C(N)=C)(C(CN)O)O)=O
GlucoseAmm	G4	C(C(C(N)=C)(C(CO)(C)O)O)=O
GlucoseAmm	G4	C(C(C(N)=C)(C(CO)O)O)=O
GlucoseAmm	G4	C(C(C)(C(C(C(C)N)=O)O)O)=O
GlucoseAmm	G4	C(C(C)(C(C(C(C)O)=O)O)O)=O
GlucoseAmm	G4	C(C(C)(C(C(C(N)=C)=O)O)O)=O
GlucoseAmm	G4	C(C(C)(C(C(C)=O)(CN)O)O)=O
GlucoseAmm	G4	C(C(C)(C(C(C)=O)O)O)(O)=O
GlucoseAmm	G4	C(C(C)(C(C(CC=O)O)N)O)=O
GlucoseAmm	G4	C(C(C)(C(C(CC=O)O)O)O)=O
GlucoseAmm	G4	C(C(C)(C(C(CCN)=O)O)O)=O
GlucoseAmm	G4	C(C(C)(C(C(CCO)=O)N)O)=O
GlucoseAmm	G4	C(C(C)(C(C(CN)=O)N)O)=O
GlucoseAmm	G4	C(C(C)(C(C(CO)=O)CN)O)=O
GlucoseAmm	G4	C(C(C)(C(C)O)O)(O)=O
GlucoseAmm	G4	C(C(C)(C(C=O)O)O)(O)=O
GlucoseAmm	G4	C(C(C)(C(CN)(C)O)N)=O
GlucoseAmm	G4	C(C(C)(C(CN)(CC=O)O)O)=O
GlucoseAmm	G4	C(C(C)(C(CN)N)O)=O
GlucoseAmm	G4	C(C(C)(C(CN)O)N)=O
GlucoseAmm	G4	C(C(C)(C(CN)O)O)=O
GlucoseAmm	G4	C(C(C)(CC(CO)=O)O)(O)=O
GlucoseAmm	G4	C(C(C)(CC(CO)O)O)(O)=O
GlucoseAmm	G4	C(C(C)=O)(C(C(C(C)N)O)O)=O
GlucoseAmm	G4	C(C(C)=O)(C(C(C)(CN)O)O)=O
GlucoseAmm	G4	C(C(C)=O)(C(C(C)(CO)O)N)=O
GlucoseAmm	G4	C(C(C)=O)(C(C(CCO)O)N)=O
GlucoseAmm	G4	C(C(C)=O)(C(C(CCO)O)O)=O
GlucoseAmm	G4	C(C(C)=O)(C(C(CN)N)N)=O
GlucoseAmm	G4	C(C(C)=O)(C(C(CN)N)O)=O
GlucoseAmm	G4	C(C(C)=O)(C(C(CN)O)N)=O
GlucoseAmm	G4	C(C(C)=O)(C(C(CN)O)O)=O
GlucoseAmm	G4	C(C(C)=O)(C(C(CO)(C)O)O)=O
GlucoseAmm	G4	C(C(C)=O)(C(C(CO)N)N)=O
GlucoseAmm	G4	C(C(C)=O)(C(C(CO)N)O)=O
GlucoseAmm	G4	C(C(C)=O)(C(C(CO)O)N)=O
GlucoseAmm	G4	C(C(C)=O)(C(CN)C(CO)O)=O
GlucoseAmm	G4	C(C(C)=O)(C(CO)C(CO)O)=O
GlucoseAmm	G4	C(C(C)=O)(CC(C(CO)N)O)=O
GlucoseAmm	G4	C(C(C)=O)(CC(C(CO)O)O)=O
GlucoseAmm	G4	C(C(C)C(C(C(CO)O)=O)N)=O
GlucoseAmm	G4	C(C(C)C(C(C(CO)O)=O)O)=O
GlucoseAmm	G4	C(C(C)C(C(CN)=O)(CO)O)=O
GlucoseAmm	G4	C(C(C)C(C(CO)=O)(CO)O)=O
GlucoseAmm	G4	C(C(C)C(C=O)(C(CO)N)O)=O
GlucoseAmm	G4	C(C(C)C(C=O)(C(CO)O)O)=O
GlucoseAmm	G4	C(C(C)N)(C(C(C)=O)(CO)O)=O
GlucoseAmm	G4	C(C(C)N)(C(C(CN)=O)N)=O
GlucoseAmm	G4	C(C(C)N)(C(C(CO)=O)CO)=O
GlucoseAmm	G4	C(C(C)N)(C(C(CO)=O)N)=O
GlucoseAmm	G4	C(C(C)N)(C(C)(C(CO)O)O)=O
GlucoseAmm	G4	C(C(C)N)(C(CO)(C)O)=O
GlucoseAmm	G4	C(C(C)N)(C(CO)(CCO)O)=O
GlucoseAmm	G4	C(C(C)N)(C(CO)(CN)O)=O
GlucoseAmm	G4	C(C(C)N)(C(CO)(CO)O)=O
GlucoseAmm	G4	C(C(C)N)(CC(C(CO)O)=O)=O
GlucoseAmm	G4	C(C(C)O)(C(C(CN)=O)N)=O
GlucoseAmm	G4	C(C(C)O)(C(C(CN)O)N)=O
GlucoseAmm	G4	C(C(C)O)(C(C(CO)=O)N)=O
GlucoseAmm	G4	C(C(C)O)(C(C(CO)O)N)=O
GlucoseAmm	G4	C(C(C)O)(C(CC(C=O)O)N)=O
GlucoseAmm	G4	C(C(C)O)(C(CCO)N)=O
GlucoseAmm	G4	C(C(C)O)(C(CN)N)=O
GlucoseAmm	G4	C(C(C)O)(C(CO)N)=O
GlucoseAmm	G4	C(C(C1(C(C(CO1)O)O)O)N)=O
GlucoseAmm	G4	C(C(C1(C(O)OCC1N)O)O)=O
GlucoseAmm	G4	C(C(C1C(C(CC1O)O)O)=O)=O
GlucoseAmm	G4	C(C(C1C(C(CN1)=O)O)O)=O
GlucoseAmm	G4	C(C(C1C(C(CN1)O)O)O)=O
GlucoseAmm	G4	C(C(C=C)(C(C(CN)=O)O)O)=O
GlucoseAmm	G4	C(C(C=C)(C(C(CO)=O)O)O)=O
GlucoseAmm	G4	C(C(C=O)C(C(C(C)O)N)O)=O
GlucoseAmm	G4	C(C(C=O)C(C(C(C)O)O)O)=O
GlucoseAmm	G4	C(C(C=O)C(C(C(N)=C)O)O)=O
GlucoseAmm	G4	C(C(C=O)C(C(CCO)N)O)=O
GlucoseAmm	G4	C(C(C=O)C(C(CN)N)O)=O
GlucoseAmm	G4	C(C(C=O)C(C(CO)N)O)=O
GlucoseAmm	G4	C(C(C=O)C(CC(CN)O)O)=O
GlucoseAmm	G4	C(C(C=O)C(CC(CO)O)O)=O
GlucoseAmm	G4	C(C(CC(C(C(C)=O)N)O)O)=O
GlucoseAmm	G4	C(C(CC(C(C(C)=O)O)N)O)=O
GlucoseAmm	G4	C(C(CC(C(C(C)=O)O)O)N)=O
GlucoseAmm	G4	C(C(CC(C(C(C)O)=O)O)N)=O
GlucoseAmm	G4	C(C(CC(C(C(C)O)N)O)=O)=O
GlucoseAmm	G4	C(C(CC(C(C(C)O)O)O)=O)=O
GlucoseAmm	G4	C(C(CC(C(C)=O)(CO)O)N)=O
GlucoseAmm	G4	C(C(CC(C(C=O)N)O)N)=O
GlucoseAmm	G4	C(C(CC(C(CCN)O)O)=O)=O
GlucoseAmm	G4	C(C(CC(C(CCO)=O)O)N)=O
GlucoseAmm	G4	C(C(CC(C(CCO)N)O)=O)=O
GlucoseAmm	G4	C(C(CC(C(CN)=O)N)N)=O
GlucoseAmm	G4	C(C(CC(C(CN)N)N)O)=O
GlucoseAmm	G4	C(C(CC(C(CN)N)O)=O)=O
GlucoseAmm	G4	C(C(CC(C(CN)N)O)O)=O
GlucoseAmm	G4	C(C(CC(C(CN)O)N)N)=O
GlucoseAmm	G4	C(C(CC(C(CN)O)N)O)=O
GlucoseAmm	G4	C(C(CC(C(CN)O)O)=O)=O
GlucoseAmm	G4	C(C(CC(C(CN)O)O)N)=O
GlucoseAmm	G4	C(C(CC(C(CN)O)O)O)=O
GlucoseAmm	G4	C(C(CC(C(CN)O)O)O)O
GlucoseAmm	G4	C(C(CC(C(CO)=O)(C)O)N)=O
GlucoseAmm	G4	C(C(CC(C(CO)=O)CO)N)=O
GlucoseAmm	G4	C(C(CC(C(CO)CN)O)=O)=O
GlucoseAmm	G4	C(C(CC(C(CO)N)O)=O)=O
GlucoseAmm	G4	C(C(CC(C(CO)O)N)N)=O
GlucoseAmm	G4	C(C(CC(C(CO)O)O)N)(N)=O
GlucoseAmm	G4	C(C(CC(C(CO)O)O)O)(N)=O
GlucoseAmm	G4	C(C(CC(C)(C(C=O)O)O)N)=O
GlucoseAmm	G4	C(C(CC(C)(C(CN)O)O)=O)=O
GlucoseAmm	G4	C(C(CC(C)(CO)O)=O)(O)=O
GlucoseAmm	G4	C(C(CC(C)O)(C(C=O)N)O)=O
GlucoseAmm	G4	C(C(CC(C)O)(C(C=O)O)O)=O
GlucoseAmm	G4	C(C(CC(C=O)N)(C(C)O)O)=O
GlucoseAmm	G4	C(C(CC(C=O)N)(CO)N)=O
GlucoseAmm	G4	C(C(CC(C=O)N)C(CO)O)=O
GlucoseAmm	G4	C(C(CC(C=O)O)O)(C(C)N)=O
GlucoseAmm	G4	C(C(CC(CC(C)O)O)=O)(O)=O
GlucoseAmm	G4	C(C(CC(CC(C=O)O)O)N)=O
GlucoseAmm	G4	C(C(CC(CC(CN)=O)O)O)=O
GlucoseAmm	G4	C(C(CC(CC(CN)O)O)=O)=O
GlucoseAmm	G4	C(C(CC(CC(CO)=O)N)O)=O
GlucoseAmm	G4	C(C(CC(CC(CO)=O)O)N)=O
GlucoseAmm	G4	C(C(CC(CC(CO)O)O)=O)=O
GlucoseAmm	G4	C(C(CC(CCN)O)O)=O
GlucoseAmm	G4	C(C(CC(CN)N)O)=O
GlucoseAmm	G4	C(C(CC(CN)O)=O)(O)=O
GlucoseAmm	G4	C(C(CC(CN)O)N)=O
GlucoseAmm	G4	C(C(CC(CO)O)N)=O
GlucoseAmm	G4	C(C(CC(N)=O)O)(CCO)=O
GlucoseAmm	G4	C(C(CCC(C(C=O)O)O)N)=O
GlucoseAmm	G4	C(C(CCC(C(CO)=O)O)N)=O
GlucoseAmm	G4	C(C(CCC(C(CO)O)=O)N)=O
GlucoseAmm	G4	C(C(CCN)(C(C(C)=O)O)O)=O
GlucoseAmm	G4	C(C(CCN)(C(C=O)(C)O)O)=O
GlucoseAmm	G4	C(C(CCN)(C(C=O)N)O)=O
GlucoseAmm	G4	C(C(CCN)(C(C=O)O)O)=O
GlucoseAmm	G4	C(C(CCN)(C(CO)(C)O)O)=O
GlucoseAmm	G4	C(C(CCN)=O)(C(CO)CO)=O
GlucoseAmm	G4	C(C(CCN)N)(C(CO)N)=O
GlucoseAmm	G4	C(C(CCN)O)(C(CN)N)=O
GlucoseAmm	G4	C(C(CCN)O)(C(CN)O)=O
GlucoseAmm	G4	C(C(CCN)O)(C(CO)N)=O
GlucoseAmm	G4	C(C(CCN)O)(C(CO)O)=O
GlucoseAmm	G4	C(C(CCN)O)(CCO)=O
GlucoseAmm	G4	C(C(CCN)O)N
GlucoseAmm	G4	C(C(CCN)O)O
GlucoseAmm	G4	C(C(CCO)(C(C(C)=O)N)O)=O
GlucoseAmm	G4	C(C(CCO)(C(CN)N)O)=O
GlucoseAmm	G4	C(C(CCO)(C(CN)N)O)O
GlucoseAmm	G4	C(C(CCO)(C(CN)O)N)=O
GlucoseAmm	G4	C(C(CCO)(C(CN)O)O)O
GlucoseAmm	G4	C(C(CCO)(CC(CN)=O)O)=O
GlucoseAmm	G4	C(C(CCO)=O)(C(CO)CN)=O
GlucoseAmm	G4	C(C(CCO)=O)(C(CO)CO)=O
GlucoseAmm	G4	C(C(CCO)=O)(CC(CN)O)=O
GlucoseAmm	G4	C(C(CCO)C(C(CN)=O)O)=O
GlucoseAmm	G4	C(C(CCO)C(C(CO)=O)N)=O
GlucoseAmm	G4	C(C(CCO)C(C(CO)=O)O)=O
GlucoseAmm	G4	C(C(CCO)N)(C(C(C)=O)O)=O
GlucoseAmm	G4	C(C(CCO)N)(C(CN)N)=O
GlucoseAmm	G4	C(C(CCO)N)(C(CO)(C)O)=O
GlucoseAmm	G4	C(C(CCO)N)(C(CO)N)=O
GlucoseAmm	G4	C(C(CCO)N)(CC(CO)=O)=O
GlucoseAmm	G4	C(C(CCO)N)(O)=O
GlucoseAmm	G4	C(C(CCO)NCCN)=O
GlucoseAmm	G4	C(C(CCO)O)(C(CN)N)=O
GlucoseAmm	G4	C(C(CCO)O)(C(CO)N)=O
GlucoseAmm	G4	C(C(CN)(C(CN)(C)O)N)=O
GlucoseAmm	G4	C(C(CN)(C(CN)N)O)O
GlucoseAmm	G4	C(C(CN)(C(CN)O)N)=O
GlucoseAmm	G4	C(C(CN)(C(CN)O)O)O
GlucoseAmm	G4	C(C(CN)(CC(C=O)N)N)=O
GlucoseAmm	G4	C(C(CN)=O)(C(C(C)N)N)=O
GlucoseAmm	G4	C(C(CN)=O)(C(C(C)N)O)=O
GlucoseAmm	G4	C(C(CN)=O)(C(C(C)O)N)=O
GlucoseAmm	G4	C(C(CN)=O)(C(C(C)O)O)=O
GlucoseAmm	G4	C(C(CN)=O)(C(C(CO)N)O)=O
GlucoseAmm	G4	C(C(CN)=O)(C(C(CO)O)N)=O
GlucoseAmm	G4	C(C(CN)=O)(C(C)C(CO)O)=O
GlucoseAmm	G4	C(C(CN)=O)(C(CCN)N)=O
GlucoseAmm	G4	C(C(CN)=O)(C(CCN)O)=O
GlucoseAmm	G4	C(C(CN)=O)(C(CN)CO)=O
GlucoseAmm	G4	C(C(CN)=O)(C(CO)CCO)=O
GlucoseAmm	G4	C(C(CN)=O)(C(CO)CO)=O
GlucoseAmm	G4	C(C(CN)=O)(CC(CCO)O)=O
GlucoseAmm	G4	C(C(CN)=O)(CC(CN)O)=O
GlucoseAmm	G4	C(C(CN)C(C(C)=O)(CO)O)=O
GlucoseAmm	G4	C(C(CN)C(C(CCO)=O)O)=O
GlucoseAmm	G4	C(C(CN)C(C(CN)=O)O)=O
GlucoseAmm	G4	C(C(CN)C(C(CO)=O)N)=O
GlucoseAmm	G4	C(C(CN)C(C(CO)=O)O)=O
GlucoseAmm	G4	C(C(CN)N)(C(C(C)=O)N)=O
GlucoseAmm	G4	C(C(CN)N)(C(C(N)=C)O)=O
GlucoseAmm	G4	C(C(CN)N)(C(CO)(C)O)=O
GlucoseAmm	G4	C(C(CN)N)(C(CO)(CN)O)=O
GlucoseAmm	G4	C(C(CN)N)(C(CO)(CO)O)=O
GlucoseAmm	G4	C(C(CN)N)(CC(CN)=O)=O
GlucoseAmm	G4	C(C(CN)N)(CC(CN)O)=O
GlucoseAmm	G4	C(C(CN)N)(CC(CO)N)=O
GlucoseAmm	G4	C(C(CN)N)(CC(CO)O)=O
GlucoseAmm	G4	C(C(CN)N)(O)=O
GlucoseAmm	G4	C(C(CN)N)N
GlucoseAmm	G4	C(C(CN)N)O
GlucoseAmm	G4	C(C(CN)NC(C=O)CN)=O
GlucoseAmm	G4	C(C(CN)NC(C=O)CO)=O
GlucoseAmm	G4	C(C(CN)NCCN)=O
GlucoseAmm	G4	C(C(CN)O)(C(C(C)=O)N)=O
GlucoseAmm	G4	C(C(CN)O)(C(C(C)N)N)=O
GlucoseAmm	G4	C(C(CN)O)(C(C(C)O)N)=O
GlucoseAmm	G4	C(C(CN)O)(C(C(CN)=O)O)=O
GlucoseAmm	G4	C(C(CN)O)(C(C(CN)O)N)=O
GlucoseAmm	G4	C(C(CN)O)(C(C(CO)=O)O)=O
GlucoseAmm	G4	C(C(CN)O)(C(C(CO)N)N)=O
GlucoseAmm	G4	C(C(CN)O)(C(C(N)=C)O)=O
GlucoseAmm	G4	C(C(CN)O)(C(C)N)=O
GlucoseAmm	G4	C(C(CN)O)(C(C=C)N)=O
GlucoseAmm	G4	C(C(CN)O)(C(CCN)N)=O
GlucoseAmm	G4	C(C(CN)O)(C(CCO)N)=O
GlucoseAmm	G4	C(C(CN)O)(C(CN)N)=O
GlucoseAmm	G4	C(C(CN)O)(C(CO)N)=O
GlucoseAmm	G4	C(C(CN)O)(CC(C)O)=O
GlucoseAmm	G4	C(C(CN)O)(CC(CCO)O)=O
GlucoseAmm	G4	C(C(CN)O)(CC(CN)N)=O
GlucoseAmm	G4	C(C(CN)O)(CC(CN)O)=O
GlucoseAmm	G4	C(C(CN)O)(CC(CO)N)=O
GlucoseAmm	G4	C(C(CN)O)(CC(N)=C)=O
GlucoseAmm	G4	C(C(CN)O)(CCCO)=O
GlucoseAmm	G4	C(C(CNC(C=O)CN)N)=O
GlucoseAmm	G4	C(C(CNC(C=O)CO)N)=O
GlucoseAmm	G4	C(C(CNCC(C=O)N)N)=O
GlucoseAmm	G4	C(C(CNCC(CO)=O)N)=O
GlucoseAmm	G4	C(C(CO)(C(CN)(C)O)N)=O
GlucoseAmm	G4	C(C(CO)(C(CN)N)O)O
GlucoseAmm	G4	C(C(CO)(C(CN)O)N)=O
GlucoseAmm	G4	C(C(CO)(C(CN)O)O)O
GlucoseAmm	G4	C(C(CO)(C)O)(O)=O
GlucoseAmm	G4	C(C(CO)(CC(C)=O)O)(O)=O
GlucoseAmm	G4	C(C(CO)(CC=O)O)(C(C)N)=O
GlucoseAmm	G4	C(C(CO)(CC=O)O)(CCN)=O
GlucoseAmm	G4	C(C(CO)=O)(C(C(C)N)N)=O
GlucoseAmm	G4	C(C(CO)=O)(C(C(C)N)O)=O
GlucoseAmm	G4	C(C(CO)=O)(C(C(C)O)N)=O
GlucoseAmm	G4	C(C(CO)=O)(C(C(C)O)O)=O
GlucoseAmm	G4	C(C(CO)=O)(C(C(CO)N)O)=O
GlucoseAmm	G4	C(C(CO)=O)(C(C(CO)O)N)=O
GlucoseAmm	G4	C(C(CO)=O)(C(C)C(CO)O)=O
GlucoseAmm	G4	C(C(CO)=O)(C(CCN)N)=O
GlucoseAmm	G4	C(C(CO)=O)(C(CCN)O)=O
GlucoseAmm	G4	C(C(CO)=O)(C(CO)CCO)=O
GlucoseAmm	G4	C(C(CO)=O)(C(CO)CN)=O
GlucoseAmm	G4	C(C(CO)=O)(CC(C(C)N)O)=O
GlucoseAmm	G4	C(C(CO)=O)(CC(C)(CN)O)=O
GlucoseAmm	G4	C(C(CO)=O)(CC(CCO)O)=O
GlucoseAmm	G4	C(C(CO)=O)(CC(CN)O)=O
GlucoseAmm	G4	C(C(CO)C(C(C(C)=O)N)O)=O
GlucoseAmm	G4	C(C(CO)C(C(C(C)=O)O)O)=O
GlucoseAmm	G4	C(C(CO)C(C(C(C)N)=O)O)=O
GlucoseAmm	G4	C(C(CO)C(C(C(C)O)=O)O)=O
GlucoseAmm	G4	C(C(CO)C(C(C(C)O)N)O)=O
GlucoseAmm	G4	C(C(CO)C(C(C(C)O)O)O)=O
GlucoseAmm	G4	C(C(CO)C(C(C(N)=C)O)O)=O
GlucoseAmm	G4	C(C(CO)C(C(C)N)O)=O
GlucoseAmm	G4	C(C(CO)C(C(CC=O)N)O)=O
GlucoseAmm	G4	C(C(CO)C(C(CC=O)O)O)=O
GlucoseAmm	G4	C(C(CO)C(C(CCN)=O)O)=O
GlucoseAmm	G4	C(C(CO)C(C(CCO)=O)O)=O
GlucoseAmm	G4	C(C(CO)C(C(CCO)N)O)=O
GlucoseAmm	G4	C(C(CO)C(C(CN)=O)O)=O
GlucoseAmm	G4	C(C(CO)C(C(CN)N)O)=O
GlucoseAmm	G4	C(C(CO)C(C(CO)N)O)=O
GlucoseAmm	G4	C(C(CO)C(C(N)=C)O)=O
GlucoseAmm	G4	C(C(CO)C(C)(CN)O)=O
GlucoseAmm	G4	C(C(CO)C(C=O)(C(C)O)O)=O
GlucoseAmm	G4	C(C(CO)C(CC(C)O)O)=O
GlucoseAmm	G4	C(C(CO)C(CC(C=O)N)O)=O
GlucoseAmm	G4	C(C(CO)C(CC(C=O)O)O)=O
GlucoseAmm	G4	C(C(CO)C(CC(CN)=O)O)=O
GlucoseAmm	G4	C(C(CO)C(CC(CN)O)O)=O
GlucoseAmm	G4	C(C(CO)C(CC(CO)=O)O)=O
GlucoseAmm	G4	C(C(CO)C(CC(CO)O)O)=O
GlucoseAmm	G4	C(C(CO)C(CCO)O)=O
GlucoseAmm	G4	C(C(CO)C(CN)O)=O
GlucoseAmm	G4	C(C(CO)C(CO)O)=O
GlucoseAmm	G4	C(C(CO)CC(C(CN)O)=O)=O
GlucoseAmm	G4	C(C(CO)CC(C(CO)=O)N)=O
GlucoseAmm	G4	C(C(CO)CC(C(CO)O)=O)=O
GlucoseAmm	G4	C(C(CO)CN)(C(C(C)=O)O)=O
GlucoseAmm	G4	C(C(CO)CN)(CC(CO)=O)=O
GlucoseAmm	G4	C(C(CO)CO)(CC(CN)=O)=O
GlucoseAmm	G4	C(C(CO)N)(C(C(C)=O)N)=O
GlucoseAmm	G4	C(C(CO)N)(C(C(CN)=O)O)=O
GlucoseAmm	G4	C(C(CO)N)(C(C(CO)=O)O)=O
GlucoseAmm	G4	C(C(CO)N)(C(C(N)=C)O)=O
GlucoseAmm	G4	C(C(CO)N)(C(CO)(C)O)=O
GlucoseAmm	G4	C(C(CO)N)(C(CO)(CN)O)=O
GlucoseAmm	G4	C(C(CO)N)(C(CO)N)=O
GlucoseAmm	G4	C(C(CO)N)(CC(C)O)=O
GlucoseAmm	G4	C(C(CO)N)(CC(CCO)O)=O
GlucoseAmm	G4	C(C(CO)N)(CC(CN)N)=O
GlucoseAmm	G4	C(C(CO)N)(CC(CN)O)=O
GlucoseAmm	G4	C(C(CO)N)(CC(CO)N)=O
GlucoseAmm	G4	C(C(CO)N)(O)=O
GlucoseAmm	G4	C(C(CO)NC(C=O)CO)=O
GlucoseAmm	G4	C(C(CO)NCCN)=O
GlucoseAmm	G4	C(C(CO)O)(C(C(C)=O)N)=O
GlucoseAmm	G4	C(C(CO)O)(C(C(C)N)N)=O
GlucoseAmm	G4	C(C(CO)O)(C(C(C=O)=C)N)=O
GlucoseAmm	G4	C(C(CO)O)(C(C(CN)=O)N)=O
GlucoseAmm	G4	C(C(CO)O)(C(C(CO)=O)N)=O
GlucoseAmm	G4	C(C(CO)O)(C(C(N)=C)N)=O
GlucoseAmm	G4	C(C(CO)O)(C(C(N)=C)O)=O
GlucoseAmm	G4	C(C(CO)O)(C(C)N)=O
GlucoseAmm	G4	C(C(CO)O)(C(CCN)N)=O
GlucoseAmm	G4	C(C(CO)O)(C(CN)N)=O
GlucoseAmm	G4	C(C(CO)O)(CC(C(C)N)O)=O
GlucoseAmm	G4	C(C(CO)O)(CC(C(N)=C)=O)=O
GlucoseAmm	G4	C(C(CO)O)(CC(C)(CN)O)=O
GlucoseAmm	G4	C(C(CO)O)(CC(C)N)=O
GlucoseAmm	G4	C(C(CO)O)(CC(CCO)O)=O
GlucoseAmm	G4	C(C(CO)O)(CC(CN)N)=O
GlucoseAmm	G4	C(C(CO)O)(CC(N)=C)=O
GlucoseAmm	G4	C(C(CO)O)(CCCN)=O
GlucoseAmm	G4	C(C(CO)O)(CCN)=O
GlucoseAmm	G4	C(C(N)=O)(CC(C(CO)O)O)=O
GlucoseAmm	G4	C(C)(C(C(C(C(C)=O)O)N)O)=O
GlucoseAmm	G4	C(C)(C(C(C(C(C)=O)O)O)N)=O
GlucoseAmm	G4	C(C)(C(C(C(C(C)O)N)O)O)=O
GlucoseAmm	G4	C(C)(C(C(C(C(C)O)O)O)N)=O
GlucoseAmm	G4	C(C)(C(C(C(C(C)O)O)O)O)=O
GlucoseAmm	G4	C(C)(C(C(C(C(N)=C)=O)O)O)=O
GlucoseAmm	G4	C(C)(C(C(C(C(N)=C)O)O)O)=O
GlucoseAmm	G4	C(C)(C(C(C(C(N)=O)O)O)O)=O
GlucoseAmm	G4	C(C)(C(C(C(C)N)O)N)=O
GlucoseAmm	G4	C(C)(C(C(C(C)N)O)O)=O
GlucoseAmm	G4	C(C)(C(C(C(CCN)O)O)O)=O
GlucoseAmm	G4	C(C)(C(C(C(CCO)N)O)O)=O
GlucoseAmm	G4	C(C)(C(C(C(CN)=O)N)N)=O
GlucoseAmm	G4	C(C)(C(C(C(CN)N)O)N)=O
GlucoseAmm	G4	C(C)(C(C(C(CN)N)O)O)=O
GlucoseAmm	G4	C(C)(C(C(C(CN)O)N)N)=O
GlucoseAmm	G4	C(C)(C(C(C(CN)O)N)O)=O
GlucoseAmm	G4	C(C)(C(C(C(CN)O)O)N)=O
GlucoseAmm	G4	C(C)(C(C(C(CN)O)O)O)=O
GlucoseAmm	G4	C(C)(C(C(C(CO)=O)N)N)=O
GlucoseAmm	G4	C(C)(C(C(C(CO)N)O)N)=O
GlucoseAmm	G4	C(C)(C(C(C(CO)N)O)O)=O
GlucoseAmm	G4	C(C)(C(C(C(CO)O)N)N)=O
GlucoseAmm	G4	C(C)(C(C(C(N)=C)O)N)=O
GlucoseAmm	G4	C(C)(C(C(C(N)=C)O)O)=O
GlucoseAmm	G4	C(C)(C(C(C)(C(CN)O)O)O)=O
GlucoseAmm	G4	C(C)(C(C(C)(C(CO)N)O)O)=O
GlucoseAmm	G4	C(C)(C(C(C)(C(CO)O)O)N)=O
GlucoseAmm	G4	C(C)(C(C(C)(CN)O)O)=O
GlucoseAmm	G4	C(C)(C(C(C)(CO)O)N)=O
GlucoseAmm	G4	C(C)(C(C(C)O)(C(C)O)O)=O
GlucoseAmm	G4	C(C)(C(C(C)O)(C(C=O)N)O)=O
GlucoseAmm	G4	C(C)(C(C(C)O)(C(CN)O)O)=O
GlucoseAmm	G4	C(C)(C(C(CC(C)O)O)N)=O
GlucoseAmm	G4	C(C)(C(C(CC(C)O)O)O)=O
GlucoseAmm	G4	C(C)(C(C(CC(CN)=O)O)O)=O
GlucoseAmm	G4	C(C)(C(C(CC(CN)O)O)O)=O
GlucoseAmm	G4	C(C)(C(C(CC(CO)=O)N)O)=O
GlucoseAmm	G4	C(C)(C(C(CC(CO)=O)O)N)=O
GlucoseAmm	G4	C(C)(C(C(CC(CO)O)O)N)=O
GlucoseAmm	G4	C(C)(C(C(CC(CO)O)O)O)=O
GlucoseAmm	G4	C(C)(C(C(CC(N)=O)O)O)=O
GlucoseAmm	G4	C(C)(C(C(CCN)O)O)=O
GlucoseAmm	G4	C(C)(C(C(CCO)O)N)=O
GlucoseAmm	G4	C(C)(C(C(CCO)O)O)=O
GlucoseAmm	G4	C(C)(C(C(CN)(C(C)O)O)O)=O
GlucoseAmm	G4	C(C)(C(C(CN)(C)O)N)=O
GlucoseAmm	G4	C(C)(C(C(CN)(CCO)O)O)=O
GlucoseAmm	G4	C(C)(C(C(CN)(CO)O)N)=O
GlucoseAmm	G4	C(C)(C(C(CN)=O)(C(C)O)O)=O
GlucoseAmm	G4	C(C)(C(C(CN)=O)(CO)O)=O
GlucoseAmm	G4	C(C)(C(C(CN)N)O)=O
GlucoseAmm	G4	C(C)(C(C(CN)O)(CC=O)O)=O
GlucoseAmm	G4	C(C)(C(C(CN)O)N)=O
GlucoseAmm	G4	C(C)(C(C(CO)(C(C)N)O)O)=O
GlucoseAmm	G4	C(C)(C(C(CO)(C(C)O)O)N)=O
GlucoseAmm	G4	C(C)(C(C(CO)(C(C)O)O)O)=O
GlucoseAmm	G4	C(C)(C(C(CO)(CCN)O)O)=O
GlucoseAmm	G4	C(C)(C(C(CO)(CCO)O)N)=O
GlucoseAmm	G4	C(C)(C(C(CO)(CO)O)N)=O
GlucoseAmm	G4	C(C)(C(C(CO)=O)(C(C)O)O)=O
GlucoseAmm	G4	C(C)(C(C(CO)=O)(CO)O)=O
GlucoseAmm	G4	C(C)(C(C(CO)N)O)=O
GlucoseAmm	G4	C(C)(C(C(CO)O)(C(C)O)O)=O
GlucoseAmm	G4	C(C)(C(C(CO)O)(CC=O)O)=O
GlucoseAmm	G4	C(C)(C(C(CO)O)N)=O
GlucoseAmm	G4	C(C)(C(C)(C(C(CN)=O)O)O)=O
GlucoseAmm	G4	C(C)(C(C)(C(C(CO)=O)N)O)=O
GlucoseAmm	G4	C(C)(C(C)(C(C(CO)=O)O)O)=O
GlucoseAmm	G4	C(C)(C(CC(C(CO)=O)N)O)=O
GlucoseAmm	G4	C(C)(C(CN)(C(C(C)=O)O)O)=O
GlucoseAmm	G4	C(C)(C(CN)(C(C)O)O)=O
GlucoseAmm	G4	C(C)(C(CN)(C(C=O)N)O)=O
GlucoseAmm	G4	C(C)(C(CN)(C(C=O)O)O)=O
GlucoseAmm	G4	C(C)(C(CN)(C(CCO)O)O)=O
GlucoseAmm	G4	C(C)(C(CN)(C(CN)O)O)=O
GlucoseAmm	G4	C(C)(C(CN)(C(CO)(C)O)O)=O
GlucoseAmm	G4	C(C)(C(CN)(C(CO)O)O)=O
GlucoseAmm	G4	C(C)(C(CN)(CC(CO)=O)O)=O
GlucoseAmm	G4	C(C)(C(CNCCN)O)=O
GlucoseAmm	G4	C(C)(C(CO)(C(C(C)=O)N)O)=O
GlucoseAmm	G4	C(C)(C(CO)(C(C(C)N)O)O)=O
GlucoseAmm	G4	C(C)(C(CO)(C(C(N)=C)O)O)=O
GlucoseAmm	G4	C(C)(C(CO)(C(C)(CN)O)O)=O
GlucoseAmm	G4	C(C)(C(CO)(C(C=O)N)O)=O
GlucoseAmm	G4	C(C)(C(CO)(C(CCO)O)O)=O
GlucoseAmm	G4	C(C)(C(CO)(C(CN)O)N)=O
GlucoseAmm	G4	C(C)(C(CO)(CC(CN)=O)O)=O
GlucoseAmm	G4	C(C)(C(CO)NCCN)=O
GlucoseAmm	G4	C(C)(C1(C(C(C(C1)=O)O)O)O)=O
GlucoseAmm	G4	C(C)(C1(C(C(CC1O)O)O)O)=O
GlucoseAmm	G4	C(C)(C1(C(C(CO1)O)O)O)=O
GlucoseAmm	G4	C(C)(C1(C(C)OC(C1O)O)O)=O
GlucoseAmm	G4	C(C)(C1(C(CC(C1O)=O)O)O)=O
GlucoseAmm	G4	C(C)(C1(C(O)OCC1(C)O)O)=O
GlucoseAmm	G4	C(C)(C1(C(O)OCC1O)O)=O
GlucoseAmm	G4	C(C)(C1(CNCC1O)O)=O
GlucoseAmm	G4	C(C)(C1(COC(C)(C1O)O)O)=O
GlucoseAmm	G4	C(C)(C1(COC(C1O)O)O)=O
GlucoseAmm	G4	C(C)(C1C(C(C(C)(O1)O)O)O)=O
GlucoseAmm	G4	C(C1(C(C(C(C1)=O)CO)O)O)=O
GlucoseAmm	G4	C(C1(C(C(C(C1)=O)O)O)O)=O
GlucoseAmm	G4	C(C1(C(C(C(C1)N)N)O)O)=O
GlucoseAmm	G4	C(C1(C(C(C(C1)O)N)O)O)=O
GlucoseAmm	G4	C(C1(C(C(C(C1O)O)N)O)O)=O
GlucoseAmm	G4	C(C1(C(C(C(C1O)O)O)O)N)=O
GlucoseAmm	G4	C(C1(C(C(C(CO1)O)O)N)O)=O
GlucoseAmm	G4	C(C1(C(C(CC1N)N)O)O)=O
GlucoseAmm	G4	C(C1(C(C(CC1N)O)O)O)=O
GlucoseAmm	G4	C(C1(C(C(CC1O)O)=O)CO)=O
GlucoseAmm	G4	C(C1(C(C(CC1O)O)=O)O)=O
GlucoseAmm	G4	C(C1(C(C(CC1O)O)O)N)=O
GlucoseAmm	G4	C(C1(C(C(CC1O)O)O)O)N
GlucoseAmm	G4	C(C1(C(C(O)OCC1N)O)O)=O
GlucoseAmm	G4	C(C1(C(C)(CC(C1O)=O)O)O)=O
GlucoseAmm	G4	C(C1(C(C)(O)OCC1(C)O)O)=O
GlucoseAmm	G4	C(C1(C(C)(O)OCC1O)O)=O
GlucoseAmm	G4	C(C1(C(C)OC(C)(C1O)O)O)=O
GlucoseAmm	G4	C(C1(C(C)OC(C1O)O)O)=O
GlucoseAmm	G4	C(C1(C(C=CC1N)O)O)=O
GlucoseAmm	G4	C(C1(C(CC(C)(C1O)O)=O)O)=O
GlucoseAmm	G4	C(C1(C(CC(C1(C)O)O)=O)O)=O
GlucoseAmm	G4	C(C1(C(CC(C1)O)O)O)=O
GlucoseAmm	G4	C(C1(C(CC(C1N)N)O)O)=O
GlucoseAmm	G4	C(C1(C(CC(C1N)O)O)O)N
GlucoseAmm	G4	C(C1(C(CC(C1O)=O)O)O)=O
GlucoseAmm	G4	C(C1(C(CC(C1O)N)O)O)N
GlucoseAmm	G4	C(C1(C(CC(C1O)O)=O)CO)=O
GlucoseAmm	G4	C(C1(C(CC(C1O)O)=O)O)=O
GlucoseAmm	G4	C(C1(C(CC(C1O)O)N)N)=O
GlucoseAmm	G4	C(C1(C(CC(CO)C1O)=O)O)=O
GlucoseAmm	G4	C(C1(C(CN)OC(C1O)O)O)=O
GlucoseAmm	G4	C(C1(C(CNC1C=O)O)O)=O
GlucoseAmm	G4	C(C1(C(CNC1CO)=O)O)=O
GlucoseAmm	G4	C(C1(C(CNC1CO)O)O)=O
GlucoseAmm	G4	C(C1(C(CNCC1O)=O)O)=O
GlucoseAmm	G4	C(C1(C(N)=CCC1O)O)=O
GlucoseAmm	G4	C(C1(C=C(CC1O)N)O)=O
GlucoseAmm	G4	C(C1(C=CC(C1N)O)O)=O
GlucoseAmm	G4	C(C1(C=CC(C1O)N)O)=O
GlucoseAmm	G4	C(C1(C=CC(C1O)O)N)=O
GlucoseAmm	G4	C(C1(CC(C(C(C1)=O)O)O)O)=O
GlucoseAmm	G4	C(C1(CC(C(C1(C)O)O)O)O)=O
GlucoseAmm	G4	C(C1(CC(C(C1O)=O)CO)O)=O
GlucoseAmm	G4	C(C1(CC(C(C1O)O)N)N)=O
GlucoseAmm	G4	C(C1(CC(C(C1O)O)N)O)=O
GlucoseAmm	G4	C(C1(CC(C(C1O)O)O)N)N
GlucoseAmm	G4	C(C1(CC(C(C1O)O)O)O)N
GlucoseAmm	G4	C(C1(CC(CC(C1O)=O)O)O)=O
GlucoseAmm	G4	C(C1(CC(CC1(C=O)O)O)O)=O
GlucoseAmm	G4	C(C1(CC(CC1(CO)O)O)O)=O
GlucoseAmm	G4	C(C1(CC(O)OCC1(C)O)O)=O
GlucoseAmm	G4	C(C1(CO)C(C(C(C1)=O)O)O)=O
GlucoseAmm	G4	C(C1(CO)C(CC(C1O)=O)O)=O
GlucoseAmm	G4	C(C1C(C(C(C)(C1O)O)O)=O)=O
GlucoseAmm	G4	C(C1C(C(C(C1(C)O)O)O)=O)=O
GlucoseAmm	G4	C(C1C(C(C(C1(C)O)O)O)O)=O
GlucoseAmm	G4	C(C1C(C(C(C1N)N)O)O)=O
GlucoseAmm	G4	C(C1C(C(C(C1N)O)N)O)=O
GlucoseAmm	G4	C(C1C(C(C(C1N)O)O)N)=O
GlucoseAmm	G4	C(C1C(C(C(C1N)O)O)O)N
GlucoseAmm	G4	C(C1C(C(C(C1O)=O)CO)O)=O
GlucoseAmm	G4	C(C1C(C(C(C1O)=O)O)O)=O
GlucoseAmm	G4	C(C1C(C(C(C1O)N)O)O)N
GlucoseAmm	G4	C(C1C(C(C(C1O)O)O)=O)=O
GlucoseAmm	G4	C(C1C(C(C(C1O)O)O)O)N
GlucoseAmm	G4	C(C1C(C(C(C=O)N1)O)O)=O
GlucoseAmm	G4	C(C1C(C(C(CN)(O1)O)O)O)=O
GlucoseAmm	G4	C(C1C(C(C(CN)O1)O)O)O
GlucoseAmm	G4	C(C1C(C(C(CN1)=O)O)O)=O
GlucoseAmm	G4	C(C1C(C(C(CO)C1O)O)=O)=O
GlucoseAmm	G4	C(C1C(C(C(CO)N1)O)O)=O
GlucoseAmm	G4	C(C1C(C(C(CO)O1)O)N)=O
GlucoseAmm	G4	C(C1C(C(C(CO1)O)N)O)=O
GlucoseAmm	G4	C(C1C(C(C(CO1)O)O)N)=O
GlucoseAmm	G4	C(C1C(C(CC(C1O)=O)O)O)=O
GlucoseAmm	G4	C(C1C(C(CC1(C=O)O)O)O)=O
GlucoseAmm	G4	C(C1C(C(CC1(CO)O)O)O)=O
GlucoseAmm	G4	C(C1C(C(CC1O)O)O)=O
GlucoseAmm	G4	C(C1C(C(CN1)O)N)=O
GlucoseAmm	G4	C(C1C(C(CN1)O)O)=O
GlucoseAmm	G4	C(C1C(C(CO)(CC1O)O)=O)=O
GlucoseAmm	G4	C(C1C(C(CO)(CN1)O)N)=O
GlucoseAmm	G4	C(C1C(C(CO)(CN1)O)O)=O
GlucoseAmm	G4	C(C1C(C)(C(C(O1)O)N)O)=O
GlucoseAmm	G4	C(C1C(C)(C(CN1)O)O)=O
GlucoseAmm	G4	C(C1C(C=C(C1O)N)O)=O
GlucoseAmm	G4	C(C1C(CC(C(C1O)O)O)=O)=O
GlucoseAmm	G4	C(C1C(CC(C1(CO)O)=O)O)=O
GlucoseAmm	G4	C(C1C(CN)(C(CN1)O)O)=O
GlucoseAmm	G4	C(C1C(CO)(C(CN1)O)O)=O
GlucoseAmm	G4	C(C1C(CO)(CC(C1O)=O)O)=O
GlucoseAmm	G4	C(C1C(CO)(CCN1)O)=O
GlucoseAmm	G4	C(C1C(CO)(O)OCC1(C)O)=O
GlucoseAmm	G4	C(C1C(CO)C(CN1)O)=O
GlucoseAmm	G4	C(C1C(N)=CC(C1O)O)=O
GlucoseAmm	G4	C(C1C=C(C(C1O)O)N)=O
GlucoseAmm	G4	C(CC(C(C(C(C)=O)N)O)O)=O
GlucoseAmm	G4	C(CC(C(C(C(C)=O)O)N)O)=O
GlucoseAmm	G4	C(CC(C(C(C(C)=O)O)O)N)=O
GlucoseAmm	G4	C(CC(C(C(C(C)N)=O)O)O)=O
GlucoseAmm	G4	C(CC(C(C(C(C)N)O)O)=O)=O
GlucoseAmm	G4	C(CC(C(C(C(C)O)=O)O)O)=O
GlucoseAmm	G4	C(CC(C(C(C(C)O)O)=O)N)=O
GlucoseAmm	G4	C(CC(C(C(C(C)O)O)=O)O)=O
GlucoseAmm	G4	C(CC(C(C(C(N)=C)=O)O)O)=O
GlucoseAmm	G4	C(CC(C(C(C(N)=C)O)O)=O)=O
GlucoseAmm	G4	C(CC(C(C(C(N)=O)O)O)O)=O
GlucoseAmm	G4	C(CC(C(C(C)(CN)O)O)=O)=O
GlucoseAmm	G4	C(CC(C(C(C)(CO)O)N)=O)=O
GlucoseAmm	G4	C(CC(C(C(C)(CO)O)N)O)=O
GlucoseAmm	G4	C(CC(C(C(C)(CO)O)O)O)=O
GlucoseAmm	G4	C(CC(C(C(C)=O)(CN)O)O)=O
GlucoseAmm	G4	C(CC(C(C(C)=O)(CO)O)O)=O
GlucoseAmm	G4	C(CC(C(C(C)=O)O)O)(O)=O
GlucoseAmm	G4	C(CC(C(C(C)N)=O)O)(CO)=O
GlucoseAmm	G4	C(CC(C(C(C)O)=O)O)(CN)=O
GlucoseAmm	G4	C(CC(C(C(C)O)=O)O)(CO)=O
GlucoseAmm	G4	C(CC(C(C(C)O)N)O)=O
GlucoseAmm	G4	C(CC(C(C(C)O)O)O)=O
GlucoseAmm	G4	C(CC(C(C(C=O)N)N)N)=O
GlucoseAmm	G4	C(CC(C(C(C=O)N)N)O)=O
GlucoseAmm	G4	C(CC(C(C(C=O)N)O)N)=O
GlucoseAmm	G4	C(CC(C(C(CC=O)O)O)O)=O
GlucoseAmm	G4	C(CC(C(C(CCN)=O)O)O)=O
GlucoseAmm	G4	C(CC(C(C(CCO)=O)N)O)=O
GlucoseAmm	G4	C(CC(C(C(CCO)=O)O)O)=O
GlucoseAmm	G4	C(CC(C(C(CCO)O)N)=O)=O
GlucoseAmm	G4	C(CC(C(C(CCO)O)O)=O)=O
GlucoseAmm	G4	C(CC(C(C(CN)=O)CO)O)=O
GlucoseAmm	G4	C(CC(C(C(CN)=O)N)N)=O
GlucoseAmm	G4	C(CC(C(C(CN)N)=O)N)=O
GlucoseAmm	G4	C(CC(C(C(CN)N)N)=O)=O
GlucoseAmm	G4	C(CC(C(C(CN)N)O)=O)=O
GlucoseAmm	G4	C(CC(C(C(CN)N)O)O)=O
GlucoseAmm	G4	C(CC(C(C(CN)O)N)=O)=O
GlucoseAmm	G4	C(CC(C(C(CN)O)N)N)=O
GlucoseAmm	G4	C(CC(C(C(CN)O)N)O)=O
GlucoseAmm	G4	C(CC(C(C(CN)O)O)N)=O
GlucoseAmm	G4	C(CC(C(C(CN)O)O)N)O
GlucoseAmm	G4	C(CC(C(C(CN)O)O)O)=O
GlucoseAmm	G4	C(CC(C(C(CO)(C)O)=O)N)=O
GlucoseAmm	G4	C(CC(C(C(CO)=O)(C)O)O)=O
GlucoseAmm	G4	C(CC(C(C(CO)=O)CN)O)=O
GlucoseAmm	G4	C(CC(C(C(CO)=O)CO)O)=O
GlucoseAmm	G4	C(CC(C(C(CO)CN)=O)O)=O
GlucoseAmm	G4	C(CC(C(C(CO)CN)O)=O)=O
GlucoseAmm	G4	C(CC(C(C(CO)CO)=O)O)=O
GlucoseAmm	G4	C(CC(C(C(CO)N)O)N)=O
GlucoseAmm	G4	C(CC(C(C(CO)O)N)N)=O
GlucoseAmm	G4	C(CC(C(C(CO)O)O)N)(N)=O
GlucoseAmm	G4	C(CC(C(C(N)=C)O)O)=O
GlucoseAmm	G4	C(CC(C(C)(C(C=O)N)O)O)=O
GlucoseAmm	G4	C(CC(C(C)(C(C=O)O)O)O)=O
GlucoseAmm	G4	C(CC(C(C)=O)N)(C(CO)O)=O
GlucoseAmm	G4	C(CC(C(C)=O)O)(C(CN)O)=O
GlucoseAmm	G4	C(CC(C(C)=O)O)(C(CO)N)=O
GlucoseAmm	G4	C(CC(C(CC(C=O)N)O)O)=O
GlucoseAmm	G4	C(CC(C(CC(C=O)O)N)O)=O
GlucoseAmm	G4	C(CC(C(CC(CN)=O)O)O)=O
GlucoseAmm	G4	C(CC(C(CC(CN)O)=O)O)=O
GlucoseAmm	G4	C(CC(C(CC(CO)=O)N)O)=O
GlucoseAmm	G4	C(CC(C(CC(CO)=O)O)N)=O
GlucoseAmm	G4	C(CC(C(CC(CO)O)=O)O)=O
GlucoseAmm	G4	C(CC(C(CC(N)=O)O)O)=O
GlucoseAmm	G4	C(CC(C(CCN)=O)O)(CO)=O
GlucoseAmm	G4	C(CC(C(CCN)O)O)=O
GlucoseAmm	G4	C(CC(C(CCO)=O)N)(CO)=O
GlucoseAmm	G4	C(CC(C(CCO)=O)O)(CN)=O
GlucoseAmm	G4	C(CC(C(CCO)N)O)=O
GlucoseAmm	G4	C(CC(C(CN)N)O)=O
GlucoseAmm	G4	C(CC(C(CN)O)O)=O
GlucoseAmm	G4	C(CC(C(CO)(C(C)O)O)=O)=O
GlucoseAmm	G4	C(CC(C(CO)(CCN)O)=O)=O
GlucoseAmm	G4	C(CC(C(CO)=O)O)(O)=O
GlucoseAmm	G4	C(CC(C(CO)C(C=O)O)O)=O
GlucoseAmm	G4	C(CC(C(CO)N)O)=O
GlucoseAmm	G4	C(CC(C(N)=C)O)(C(CO)O)=O
GlucoseAmm	G4	C(CC(C(N)=O)O)(C(CO)O)=O
GlucoseAmm	G4	C(CC(C(O)=O)O)(C(C)O)=O
GlucoseAmm	G4	C(CC(C(O)=O)O)(O)=O
GlucoseAmm	G4	C(CC(C)(C(C(CN)=O)O)O)=O
GlucoseAmm	G4	C(CC(C)(C(C(CO)=O)N)O)=O
GlucoseAmm	G4	C(CC(C)(C(C(CO)=O)O)O)=O
GlucoseAmm	G4	C(CC(C)(C(CN)O)O)=O
GlucoseAmm	G4	C(CC(C)O)(C(C(CN)=O)O)=O
GlucoseAmm	G4	C(CC(C)O)(C(C(CO)=O)O)=O
GlucoseAmm	G4	C(CC(C=O)(C(C(N)=C)O)O)=O
GlucoseAmm	G4	C(CC(C=O)N)(C(C(C)O)O)=O
GlucoseAmm	G4	C(CC(C=O)N)(C(CN)N)=O
GlucoseAmm	G4	C(CC(C=O)O)(C(C(C)N)O)=O
GlucoseAmm	G4	C(CC(C=O)O)(C(C(C)O)N)=O
GlucoseAmm	G4	C(CC(C=O)O)(C(CO)CN)=O
GlucoseAmm	G4	C(CC(CC(C(C=O)O)O)O)=O
GlucoseAmm	G4	C(CC(CC(C(CN)O)=O)O)=O
GlucoseAmm	G4	C(CC(CC(C(CO)=O)N)O)=O
GlucoseAmm	G4	C(CC(CC(C(CO)=O)O)O)=O
GlucoseAmm	G4	C(CC(CC(C(CO)N)=O)O)=O
GlucoseAmm	G4	C(CC(CC(C(CO)O)=O)O)=O
GlucoseAmm	G4	C(CC(CC(C=O)N)(CO)O)=O
GlucoseAmm	G4	C(CC(CC(CN)O)O)=O
GlucoseAmm	G4	C(CC(CC(CO)=O)O)(O)=O
GlucoseAmm	G4	C(CC(CC(CO)O)O)=O
GlucoseAmm	G4	C(CC(CN)(C(C(C)=O)O)O)=O
GlucoseAmm	G4	C(CC(CN)(C(C)(CO)O)O)=O
GlucoseAmm	G4	C(CC(CN)(C(C)O)O)=O
GlucoseAmm	G4	C(CC(CN)(C(C=O)N)O)=O
GlucoseAmm	G4	C(CC(CN)(C(C=O)O)O)=O
GlucoseAmm	G4	C(CC(CN)(C(CN)O)O)=O
GlucoseAmm	G4	C(CC(CN)(CC(CO)=O)O)=O
GlucoseAmm	G4	C(CC(CN)N)O
GlucoseAmm	G4	C(CC(CN)O)(O)=O
GlucoseAmm	G4	C(CC(CO)(C(C(C)=O)N)O)=O
GlucoseAmm	G4	C(CC(CO)(C(CN)N)O)=O
GlucoseAmm	G4	C(CC(CO)(C(CN)O)O)=O
GlucoseAmm	G4	C(CC(CO)(CC(CN)=O)O)=O
GlucoseAmm	G4	C(CC(CO)N)(C(C(C)=O)O)=O
GlucoseAmm	G4	C(CC(CO)N)(CC(CO)=O)=O
GlucoseAmm	G4	C(CC(CO)O)(C(C(C)=O)O)=O
GlucoseAmm	G4	C(CC(CO)O)(C(C(N)=O)O)=O
GlucoseAmm	G4	C(CC(CO)O)(CC(CO)=O)=O
GlucoseAmm	G4	C(CC(CO)O)(CC(N)=O)=O
GlucoseAmm	G4	C(CC(CO)O)(CCN)=O
GlucoseAmm	G4	C(CC(CO)O)(O)=O
GlucoseAmm	G4	C(CC1(C(C(C(C1)=O)O)O)O)=O
GlucoseAmm	G4	C(CC1(C(C(CO1)(C)O)O)O)=O
GlucoseAmm	G4	C(CC1(C(CC(C1O)=O)O)O)=O
GlucoseAmm	G4	C(CC1(C(O)OCC1(C)O)O)=O
GlucoseAmm	G4	C(CC1(C(O)OCC1O)O)=O
GlucoseAmm	G4	C(CC1(COC(C)(C1O)O)O)=O
GlucoseAmm	G4	C(CC1(COC(C1N)O)O)=O
GlucoseAmm	G4	C(CC1(COC(C1O)O)O)=O
GlucoseAmm	G4	C(CC1C(C(C(C)(O)O1)O)O)=O
GlucoseAmm	G4	C(CCC(C(CO)N)=O)(CO)=O
GlucoseAmm	G4	C(CCC(C(CO)O)=O)(CN)=O
GlucoseAmm	G4	C(CCC(C(CO)O)=O)(CO)=O
GlucoseAmm	G4	C(CCC(N)=O)(C(CO)O)=O
GlucoseAmm	G4	C(CCN)(C(C(C)=O)(CO)O)=O
GlucoseAmm	G4	C(CCN)(C(C(CN)=O)N)=O
GlucoseAmm	G4	C(CCN)(C(C(CO)=O)CO)=O
GlucoseAmm	G4	C(CCN)(C(C(CO)=O)N)=O
GlucoseAmm	G4	C(CCN)(C(C(N)=C)O)=O
GlucoseAmm	G4	C(CCN)(CC(C(CO)O)=O)=O
GlucoseAmm	G4	C(CCO)(C(C(C(C)N)=O)O)=O
GlucoseAmm	G4	C(CCO)(C(C(C(N)=C)=O)O)=O
GlucoseAmm	G4	C(CCO)(C(C(CCN)=O)O)=O
GlucoseAmm	G4	C(CCO)(C(C(N)=C)O)=O
GlucoseAmm	G4	C(CN)(C(C(C(C)N)O)O)=O
GlucoseAmm	G4	C(CN)(C(C(C(C=C)=O)O)O)=O
GlucoseAmm	G4	C(CN)(C(C(C(C=O)=C)O)O)=O
GlucoseAmm	G4	C(CN)(C(C(C(CN)=O)O)O)=O
GlucoseAmm	G4	C(CN)(C(C(C(CN)N)O)O)=O
GlucoseAmm	G4	C(CN)(C(C(C(CN)O)O)O)=O
GlucoseAmm	G4	C(CN)(C(C(C(CO)=C)=O)O)=O
GlucoseAmm	G4	C(CN)(C(C(C(CO)=O)=C)O)=O
GlucoseAmm	G4	C(CN)(C(C(C(CO)N)O)N)=O
GlucoseAmm	G4	C(CN)(C(C(C(CO)N)O)O)=O
GlucoseAmm	G4	C(CN)(C(C(C(N)=C)O)O)=O
GlucoseAmm	G4	C(CN)(C(C(C)(CO)O)N)=O
GlucoseAmm	G4	C(CN)(C(C(C)N)O)=O
GlucoseAmm	G4	C(CN)(C(C(C)O)(C(C)O)O)=O
GlucoseAmm	G4	C(CN)(C(C(C)O)C(C=O)O)=O
GlucoseAmm	G4	C(CN)(C(C(C)O)N)=O
GlucoseAmm	G4	C(CN)(C(C(CC(C)O)O)O)=O
GlucoseAmm	G4	C(CN)(C(C(CCN)N)O)=O
GlucoseAmm	G4	C(CN)(C(C(CCN)O)N)=O
GlucoseAmm	G4	C(CN)(C(C(CCN)O)O)=O
GlucoseAmm	G4	C(CN)(C(C(CCO)N)N)=O
GlucoseAmm	G4	C(CN)(C(C(CCO)N)O)=O
GlucoseAmm	G4	C(CN)(C(C(CCO)O)N)=O
GlucoseAmm	G4	C(CN)(C(C(CN)(C)O)O)=O
GlucoseAmm	G4	C(CN)(C(C(CN)(CO)O)N)=O
GlucoseAmm	G4	C(CN)(C(C(CN)=O)(CO)O)=O
GlucoseAmm	G4	C(CN)(C(C(CN)=O)CO)=O
GlucoseAmm	G4	C(CN)(C(C(CN)=O)O)=O
GlucoseAmm	G4	C(CN)(C(C(CN)N)O)=O
GlucoseAmm	G4	C(CN)(C(C(CN)O)N)=O
GlucoseAmm	G4	C(CN)(C(C(CO)(CO)O)N)=O
GlucoseAmm	G4	C(CN)(C(C(CO)=O)(CO)O)=O
GlucoseAmm	G4	C(CN)(C(C(CO)=O)C(C)O)=O
GlucoseAmm	G4	C(CN)(C(C(CO)=O)CO)=O
GlucoseAmm	G4	C(CN)(C(C(CO)=O)N)=O
GlucoseAmm	G4	C(CN)(C(C(CO)N)O)=O
GlucoseAmm	G4	C(CN)(C(C(CO)O)N)=O
GlucoseAmm	G4	C(CN)(C(C)(C(C(C)=O)O)O)=O
GlucoseAmm	G4	C(CN)(C(C)(C(C=O)N)O)=O
GlucoseAmm	G4	C(CN)(C(C)(C(C=O)O)O)=O
GlucoseAmm	G4	C(CN)(C(C)(C(CO)O)O)=O
GlucoseAmm	G4	C(CN)(C(CC(CN)=O)N)=O
GlucoseAmm	G4	C(CN)(C(CC(CN)=O)O)=O
GlucoseAmm	G4	C(CN)(C(CC(CN)N)O)=O
GlucoseAmm	G4	C(CN)(C(CC(CN)O)N)=O
GlucoseAmm	G4	C(CN)(C(CC(CN)O)O)=O
GlucoseAmm	G4	C(CN)(C(CC(CO)N)N)=O
GlucoseAmm	G4	C(CN)(C(CC(CO)O)N)=O
GlucoseAmm	G4	C(CN)(C(CC(CO)O)O)=O
GlucoseAmm	G4	C(CN)(C(CN)(C(C)O)O)=O
GlucoseAmm	G4	C(CN)(C(CN)(C(C=O)O)O)=O
GlucoseAmm	G4	C(CN)(C(CN)(C(CN)O)O)=O
GlucoseAmm	G4	C(CN)(C(CN)(C(CO)O)O)=O
GlucoseAmm	G4	C(CN)(C(CN)N)=O
GlucoseAmm	G4	C(CN)(C(CNCC=O)N)=O
GlucoseAmm	G4	C(CN)(C(CNCCN)O)=O
GlucoseAmm	G4	C(CN)(C(CO)(C(CN)O)N)=O
GlucoseAmm	G4	C(CN)(C(CO)(C)O)=O
GlucoseAmm	G4	C(CN)(C(CO)(CC=O)O)=O
GlucoseAmm	G4	C(CN)(C(CO)(CCO)O)=O
GlucoseAmm	G4	C(CN)(C(CO)(CN)O)=O
GlucoseAmm	G4	C(CN)(C(CO)C(C)O)=O
GlucoseAmm	G4	C(CN)(C(CO)C(C=O)O)=O
GlucoseAmm	G4	C(CN)(C(CO)C(CCO)O)=O
GlucoseAmm	G4	C(CN)(C(CO)C(CN)O)=O
GlucoseAmm	G4	C(CN)(C(CO)C(CO)O)=O
GlucoseAmm	G4	C(CN)(C(CO)CO)=O
GlucoseAmm	G4	C(CN)(C(CO)NCCN)=O
GlucoseAmm	G4	C(CN)(C1(C(C(CO1)O)O)O)=O
GlucoseAmm	G4	C(CN)(C1(CNCC1O)O)=O
GlucoseAmm	G4	C(CN)(C1(COC(C1O)O)O)=O
GlucoseAmm	G4	C(CN)(C1C(C(CO1)O)O)=O
GlucoseAmm	G4	C(CN)(CC(C(C(C)O)O)O)=O
GlucoseAmm	G4	C(CN)(CC(C(C)N)O)=O
GlucoseAmm	G4	C(CN)(CC(C(CN)N)O)=O
GlucoseAmm	G4	C(CN)(CC(C(CN)O)O)=O
GlucoseAmm	G4	C(CN)(CC(C(CO)N)O)=O
GlucoseAmm	G4	C(CN)(CC(C(CO)O)N)=O
GlucoseAmm	G4	C(CN)(CC(C(CO)O)O)=O
GlucoseAmm	G4	C(CN)(CC(C(N)=C)O)=O
GlucoseAmm	G4	C(CN)(CC(C)(C(CO)O)O)=O
GlucoseAmm	G4	C(CN)(CC(C)(CO)O)=O
GlucoseAmm	G4	C(CN)(CC(CC(C)O)O)=O
GlucoseAmm	G4	C(CN)(CC(CC(CO)=O)O)=O
GlucoseAmm	G4	C(CN)(CC(CC(CO)O)O)=O
GlucoseAmm	G4	C(CN)(CC(CCO)O)=O
GlucoseAmm	G4	C(CN)(CC(CN)(C)O)=O
GlucoseAmm	G4	C(CN)(CC(CN)(CO)O)=O
GlucoseAmm	G4	C(CN)(CC(CN)O)=O
GlucoseAmm	G4	C(CN)(CC(CO)(C(C)O)O)=O
GlucoseAmm	G4	C(CN)(CC(CO)(CCO)O)=O
GlucoseAmm	G4	C(CN)(CC(CO)(CO)O)=O
GlucoseAmm	G4	C(CN)(CC(CO)O)=O
GlucoseAmm	G4	C(CNC(C(C(CO)O)O)=O)=O
GlucoseAmm	G4	C(CNC(C(CN)=O)CN)=O
GlucoseAmm	G4	C(CNC(CN)C(CO)O)=O
GlucoseAmm	G4	C(CNC(CN)CCO)=O
GlucoseAmm	G4	C(CNC(CN)CN)=O
GlucoseAmm	G4	C(CNC(CN)CO)=O
GlucoseAmm	G4	C(CNC(CO)C(CN)O)=O
GlucoseAmm	G4	C(CNCC=O)(C(CN)N)=O
GlucoseAmm	G4	C(CNCC=O)(C(CN)O)=O
GlucoseAmm	G4	C(CNCCN)(C(CO)N)=O
GlucoseAmm	G4	C(CNCCN)(C(CO)O)=O
GlucoseAmm	G4	C(CO)(C(C(C(C)N)O)N)=O
GlucoseAmm	G4	C(CO)(C(C(C(C)N)O)O)=O
GlucoseAmm	G4	C(CO)(C(C(C(C)O)N)N)=O
GlucoseAmm	G4	C(CO)(C(C(C(C)O)O)N)=O
GlucoseAmm	G4	C(CO)(C(C(C(C=C)=O)O)N)=O
GlucoseAmm	G4	C(CO)(C(C(C(C=C)=O)O)O)=O
GlucoseAmm	G4	C(CO)(C(C(C(C=O)=C)O)O)=O
GlucoseAmm	G4	C(CO)(C(C(C(CN)=O)O)N)=O
GlucoseAmm	G4	C(CO)(C(C(C(CN)=O)O)O)=O
GlucoseAmm	G4	C(CO)(C(C(C(CN)N)O)N)=O
GlucoseAmm	G4	C(CO)(C(C(C(CN)N)O)O)=O
GlucoseAmm	G4	C(CO)(C(C(C(CN)O)N)N)=O
GlucoseAmm	G4	C(CO)(C(C(C(CN)O)O)N)=O
GlucoseAmm	G4	C(CO)(C(C(C(CN)O)O)O)=O
GlucoseAmm	G4	C(CO)(C(C(C(CO)=C)=O)O)=O
GlucoseAmm	G4	C(CO)(C(C(C(CO)=O)=C)O)=O
GlucoseAmm	G4	C(CO)(C(C(C(CO)=O)O)N)=O
GlucoseAmm	G4	C(CO)(C(C(C(CO)N)N)N)=O
GlucoseAmm	G4	C(CO)(C(C(C(CO)N)O)N)=O
GlucoseAmm	G4	C(CO)(C(C(C(CO)N)O)O)=O
GlucoseAmm	G4	C(CO)(C(C(C(N)=C)O)N)=O
GlucoseAmm	G4	C(CO)(C(C(C(N)=C)O)O)=O
GlucoseAmm	G4	C(CO)(C(C(C)(CN)O)O)=O
GlucoseAmm	G4	C(CO)(C(C(C)N)C(C=O)O)=O
GlucoseAmm	G4	C(CO)(C(C(C)N)N)=O
GlucoseAmm	G4	C(CO)(C(C(C)N)O)=O
GlucoseAmm	G4	C(CO)(C(C(C)O)(C(C)O)O)=O
GlucoseAmm	G4	C(CO)(C(C(C)O)(CC=O)O)=O
GlucoseAmm	G4	C(CO)(C(C(C)O)C(C)O)=O
GlucoseAmm	G4	C(CO)(C(C(C)O)C(C=O)N)=O
GlucoseAmm	G4	C(CO)(C(C(C)O)C(CN)O)=O
GlucoseAmm	G4	C(CO)(C(C(CC(C)O)O)N)=O
GlucoseAmm	G4	C(CO)(C(C(CC(C)O)O)O)=O
GlucoseAmm	G4	C(CO)(C(C(CCN)N)N)=O
GlucoseAmm	G4	C(CO)(C(C(CCN)N)O)=O
GlucoseAmm	G4	C(CO)(C(C(CCN)O)N)=O
GlucoseAmm	G4	C(CO)(C(C(CCN)O)O)=O
GlucoseAmm	G4	C(CO)(C(C(CCO)N)N)=O
GlucoseAmm	G4	C(CO)(C(C(CCO)N)O)=O
GlucoseAmm	G4	C(CO)(C(C(CCO)O)N)=O
GlucoseAmm	G4	C(CO)(C(C(CN)(C)O)N)=O
GlucoseAmm	G4	C(CO)(C(C(CN)=O)O)=O
GlucoseAmm	G4	C(CO)(C(C(CN)N)N)=O
GlucoseAmm	G4	C(CO)(C(C(CN)N)O)=O
GlucoseAmm	G4	C(CO)(C(C(CO)=O)C(C)O)=O
GlucoseAmm	G4	C(CO)(C(C(CO)=O)CO)=O
GlucoseAmm	G4	C(CO)(C(C(CO)=O)N)=O
GlucoseAmm	G4	C(CO)(C(C(CO)=O)O)=O
GlucoseAmm	G4	C(CO)(C(C(CO)N)N)=O
GlucoseAmm	G4	C(CO)(C(C(CO)N)O)=O
GlucoseAmm	G4	C(CO)(C(C(CO)O)C(C)O)=O
GlucoseAmm	G4	C(CO)(C(C)(C(C(C)=O)N)O)=O
GlucoseAmm	G4	C(CO)(C(C)(C(C(C)=O)O)O)=O
GlucoseAmm	G4	C(CO)(C(C)(C(C(C)N)O)O)=O
GlucoseAmm	G4	C(CO)(C(C)(C(C(N)=C)O)O)=O
GlucoseAmm	G4	C(CO)(C(C)(C(C)(CN)O)O)=O
GlucoseAmm	G4	C(CO)(C(C)(C(C)O)O)=O
GlucoseAmm	G4	C(CO)(C(C)(C(C=O)N)O)=O
GlucoseAmm	G4	C(CO)(C(C)(C(C=O)O)O)=O
GlucoseAmm	G4	C(CO)(C(C)(C(CCO)O)O)=O
GlucoseAmm	G4	C(CO)(C(C)(C(CN)O)N)=O
GlucoseAmm	G4	C(CO)(C(C)(C(CN)O)O)=O
GlucoseAmm	G4	C(CO)(C(C)(C(CO)(C)O)O)=O
GlucoseAmm	G4	C(CO)(C(C)(C(CO)O)O)=O
GlucoseAmm	G4	C(CO)(C(C)(CC(CN)=O)O)=O
GlucoseAmm	G4	C(CO)(C(C)C(C(CN)=O)O)=O
GlucoseAmm	G4	C(CO)(C(C)C(C(CO)=O)N)=O
GlucoseAmm	G4	C(CO)(C(C)C(C(CO)=O)O)=O
GlucoseAmm	G4	C(CO)(C(CC(C)O)N)=O
GlucoseAmm	G4	C(CO)(C(CC(CN)N)N)=O
GlucoseAmm	G4	C(CO)(C(CC(CN)N)O)=O
GlucoseAmm	G4	C(CO)(C(CC(CN)O)N)=O
GlucoseAmm	G4	C(CO)(C(CC(CN)O)O)=O
GlucoseAmm	G4	C(CO)(C(CC(CO)N)N)=O
GlucoseAmm	G4	C(CO)(C(CCN)N)=O
GlucoseAmm	G4	C(CO)(C(CCN)O)=O
GlucoseAmm	G4	C(CO)(C(CN)(C(C)O)O)=O
GlucoseAmm	G4	C(CO)(C(CN)(C(C=O)O)O)=O
GlucoseAmm	G4	C(CO)(C(CN)(C(CN)O)N)=O
GlucoseAmm	G4	C(CO)(C(CN)(C(CN)O)O)=O
GlucoseAmm	G4	C(CO)(C(CN)(C(CO)O)O)=O
GlucoseAmm	G4	C(CO)(C(CN)C(C(C)=O)O)=O
GlucoseAmm	G4	C(CO)(C(CN)C(C)O)=O
GlucoseAmm	G4	C(CO)(C(CN)C(C=O)N)=O
GlucoseAmm	G4	C(CO)(C(CN)C(C=O)O)=O
GlucoseAmm	G4	C(CO)(C(CN)C(CCO)O)=O
GlucoseAmm	G4	C(CO)(C(CN)C(CN)O)=O
GlucoseAmm	G4	C(CO)(C(CN)C(CO)(C)O)=O
GlucoseAmm	G4	C(CO)(C(CN)C(CO)O)=O
GlucoseAmm	G4	C(CO)(C(CN)CC(CO)=O)=O
GlucoseAmm	G4	C(CO)(C(CN)NCCN)=O
GlucoseAmm	G4	C(CO)(C(CNCC=O)N)=O
GlucoseAmm	G4	C(CO)(C(CNCCN)O)=O
GlucoseAmm	G4	C(CO)(C(CO)(C(CN)O)N)=O
GlucoseAmm	G4	C(CO)(C(CO)(C)O)=O
GlucoseAmm	G4	C(CO)(C(CO)(CC=O)O)=O
GlucoseAmm	G4	C(CO)(C(CO)(CCO)O)=O
GlucoseAmm	G4	C(CO)(C(CO)(CN)O)=O
GlucoseAmm	G4	C(CO)(C(CO)C(C(C)=O)N)=O
GlucoseAmm	G4	C(CO)(C(CO)C(C(C)N)O)=O
GlucoseAmm	G4	C(CO)(C(CO)C(C(N)=C)O)=O
GlucoseAmm	G4	C(CO)(C(CO)C(C)(CN)O)=O
GlucoseAmm	G4	C(CO)(C(CO)C(C)N)=O
GlucoseAmm	G4	C(CO)(C(CO)C(C=O)N)=O
GlucoseAmm	G4	C(CO)(C(CO)C(CCO)O)=O
GlucoseAmm	G4	C(CO)(C(CO)C(CN)N)=O
GlucoseAmm	G4	C(CO)(C(CO)C(CO)N)=O
GlucoseAmm	G4	C(CO)(C(CO)CC(CN)=O)=O
GlucoseAmm	G4	C(CO)(C(CO)CN)=O
GlucoseAmm	G4	C(CO)(C(CO)NCCN)=O
GlucoseAmm	G4	C(CO)(C1(CNCC1O)O)=O
GlucoseAmm	G4	C(CO)(C1C(C(CC1O)O)O)=O
GlucoseAmm	G4	C(CO)(C1C(C(CN1)=O)O)=O
GlucoseAmm	G4	C(CO)(C1C(C(CN1)N)N)=O
GlucoseAmm	G4	C(CO)(C1C(C(CN1)N)O)=O
GlucoseAmm	G4	C(CO)(C1C(C(CN1)O)N)=O
GlucoseAmm	G4	C(CO)(C1C(C(CN1)O)O)=O
GlucoseAmm	G4	C(CO)(C1C(C(CO1)O)O)=O
GlucoseAmm	G4	C(CO)(C1C(CC(C1O)=O)O)=O
GlucoseAmm	G4	C(CO)(C1C(O)OCC1(C)O)=O
GlucoseAmm	G4	C(CO)(C1C(O)OCC1O)=O
GlucoseAmm	G4	C(CO)(C1CC(CN1)O)=O
GlucoseAmm	G4	C(CO)(C1CNCC1O)=O
GlucoseAmm	G4	C(CO)(CC(C(C(C)O)N)O)=O
GlucoseAmm	G4	C(CO)(CC(C(C(C)O)O)O)=O
GlucoseAmm	G4	C(CO)(CC(C(C(N)=C)=O)O)=O
GlucoseAmm	G4	C(CO)(CC(C(C(N)=C)O)O)=O
GlucoseAmm	G4	C(CO)(CC(C(C(N)=O)O)O)=O
GlucoseAmm	G4	C(CO)(CC(C(C)N)O)=O
GlucoseAmm	G4	C(CO)(CC(C(CCN)O)O)=O
GlucoseAmm	G4	C(CO)(CC(C(CCO)N)O)=O
GlucoseAmm	G4	C(CO)(CC(C(CN)N)O)=O
GlucoseAmm	G4	C(CO)(CC(C(CN)O)N)=O
GlucoseAmm	G4	C(CO)(CC(C(CN)O)O)=O
GlucoseAmm	G4	C(CO)(CC(C(CO)N)O)=O
GlucoseAmm	G4	C(CO)(CC(C(N)=C)O)=O
GlucoseAmm	G4	C(CO)(CC(C)(CN)O)=O
GlucoseAmm	G4	C(CO)(CC(CC(C)O)O)=O
GlucoseAmm	G4	C(CO)(CC(CC(CN)O)O)=O
GlucoseAmm	G4	C(CO)(CC(CC(CO)=O)N)=O
GlucoseAmm	G4	C(CO)(CC(CC(CO)O)O)=O
GlucoseAmm	G4	C(CO)(CC(CC(N)=O)O)=O
GlucoseAmm	G4	C(CO)(CC(CCN)O)=O
GlucoseAmm	G4	C(CO)(CC(CCO)O)=O
GlucoseAmm	G4	C(CO)(CC(CN)(C(C)O)O)=O
GlucoseAmm	G4	C(CO)(CC(CN)N)=O
GlucoseAmm	G4	C(CO)(CC(CO)N)=O
GlucoseAmm	G4	C(CO)(CCC(C(CO)=O)N)=O
GlucoseAmm	G4	C(CO)(CCNCCN)=O
GlucoseAmm	G4	C(CO)(CNC(CN)CN)=O
GlucoseAmm	G4	C(CO)(CNC(CN)CO)=O
GlucoseAmm	G4	C(CO)(CNCCN)=O
GlucoseAmm	G4	C(N)=C1C(C(C(CO1)O)N)O
GlucoseAmm	G4	C(N)=C1C(C(C(CO1)O)O)N
GlucoseAmm	G4	C(N)=C1C(CC(C1O)O)=O
GlucoseAmm	G4	C1(C(C(C(C(C)(C1)O)O)O)O)=O
GlucoseAmm	G4	C1(C(C(C(C(C)O)(C1)O)O)O)=O
GlucoseAmm	G4	C1(C(C(C(C(C1)=O)O)O)O)=O
GlucoseAmm	G4	C1(C(C(C(C(C1)N)O)N)O)=O
GlucoseAmm	G4	C1(C(C(C(C(C1)N)O)O)N)=O
GlucoseAmm	G4	C1(C(C(C(C(C1)O)=O)CO)O)=O
GlucoseAmm	G4	C1(C(C(C(C(C1)O)N)O)O)=O
GlucoseAmm	G4	C1(C(C(C(C(C1)O)O)N)N)=O
GlucoseAmm	G4	C1(C(C(C(C(C1)O)O)O)=O)=O
GlucoseAmm	G4	C1(C(C(C(C(C1N)O)O)O)O)=O
GlucoseAmm	G4	C1(C(C(C(C(CN)O1)O)O)O)O
GlucoseAmm	G4	C1(C(C(C(C(CO)C1)=O)O)O)=O
GlucoseAmm	G4	C1(C(C(C(C(CO)O)O1)O)N)=O
GlucoseAmm	G4	C1(C(C(C(C(CO)O1)O)O)N)=O
GlucoseAmm	G4	C1(C(C(C(C(CO1)O)O)O)N)=O
GlucoseAmm	G4	C1(C(C(C(C)(C1)O)O)O)=O
GlucoseAmm	G4	C1(C(C(C(C)(C1CO)O)O)O)=O
GlucoseAmm	G4	C1(C(C(C(C)(C1N)N)O)O)=O
GlucoseAmm	G4	C1(C(C(C(C)(C1N)O)N)O)=O
GlucoseAmm	G4	C1(C(C(C(C)(C1N)O)O)N)=O
GlucoseAmm	G4	C1(C(C(C(C)(C1O)O)N)O)=O
GlucoseAmm	G4	C1(C(C(C(C)(O)OCC1)O)O)=O
GlucoseAmm	G4	C1(C(C(C(C)N)O)OC(C1)O)=O
GlucoseAmm	G4	C1(C(C(C(C1(C)N)O)N)O)=O
GlucoseAmm	G4	C1(C(C(C(C1(C)N)O)O)N)=O
GlucoseAmm	G4	C1(C(C(C(C1(C)O)O)N)O)=O
GlucoseAmm	G4	C1(C(C(C(C1(C)O)O)O)=O)=O
GlucoseAmm	G4	C1(C(C(C(C1(C)O)O)O)N)=O
GlucoseAmm	G4	C1(C(C(C(C1(CO)O)O)O)N)=O
GlucoseAmm	G4	C1(C(C(C(C1)=CN)O)O)=O
GlucoseAmm	G4	C1(C(C(C(C1)N)(CN)O)O)=O
GlucoseAmm	G4	C1(C(C(C(C1)N)(CO)O)N)=O
GlucoseAmm	G4	C1(C(C(C(C1)N)O)O)=O
GlucoseAmm	G4	C1(C(C(C(C1)O)(C(C)O)O)O)=O
GlucoseAmm	G4	C1(C(C(C(C1)O)(C)O)O)=O
GlucoseAmm	G4	C1(C(C(C(C1)O)(CCO)O)O)=O
GlucoseAmm	G4	C1(C(C(C(C1)O)(CO)O)N)=O
GlucoseAmm	G4	C1(C(C(C(C1)O)C(C=O)O)O)=O
GlucoseAmm	G4	C1(C(C(C(C1)O)CN)O)=O
GlucoseAmm	G4	C1(C(C(C(C1)O)N)O)=O
GlucoseAmm	G4	C1(C(C(C(C1)O)O)N)=O
GlucoseAmm	G4	C1(C(C(C(C1C(C)O)O)O)O)=O
GlucoseAmm	G4	C1(C(C(C(C1CN)N)O)O)=O
GlucoseAmm	G4	C1(C(C(C(C1CN)O)N)O)=O
GlucoseAmm	G4	C1(C(C(C(C1CN)O)O)N)=O
GlucoseAmm	G4	C1(C(C(C(C1CO)=O)O)O)=O
GlucoseAmm	G4	C1(C(C(C(C1CO)N)N)O)=O
GlucoseAmm	G4	C1(C(C(C(C1CO)N)O)N)=O
GlucoseAmm	G4	C1(C(C(C(C1CO)O)N)N)=O
GlucoseAmm	G4	C1(C(C(C(C1CO)O)O)=O)=O
GlucoseAmm	G4	C1(C(C(C(C1N)=C)O)O)=O
GlucoseAmm	G4	C1(C(C(C(C1N)N)(C)O)O)=O
GlucoseAmm	G4	C1(C(C(C(C1N)N)CO)O)=O
GlucoseAmm	G4	C1(C(C(C(C1N)O)(C)O)O)=O
GlucoseAmm	G4	C1(C(C(C(C1N)O)O)O)=O
GlucoseAmm	G4	C1(C(C(C(C1O)=C)O)O)=O
GlucoseAmm	G4	C1(C(C(C(C1O)O)O)O)=O
GlucoseAmm	G4	C1(C(C(C(C=1)=O)CO)O)N
GlucoseAmm	G4	C1(C(C(C(CC(C1)O)=O)O)O)=O
GlucoseAmm	G4	C1(C(C(C(CC(C1)O)O)O)O)=O
GlucoseAmm	G4	C1(C(C(C(CC1N)N)O)O)=O
GlucoseAmm	G4	C1(C(C(C(CC1N)O)N)O)=O
GlucoseAmm	G4	C1(C(C(C(CC1O)N)O)O)=O
GlucoseAmm	G4	C1(C(C(C(CCN)O1)O)O)=O
GlucoseAmm	G4	C1(C(C(C(CCO)(C1)O)O)O)=O
GlucoseAmm	G4	C1(C(C(C(CN)(C1)O)N)O)=O
GlucoseAmm	G4	C1(C(C(C(CN)(C1)O)O)N)=O
GlucoseAmm	G4	C1(C(C(C(CN)C1)O)O)=O
GlucoseAmm	G4	C1(C(C(C(CN)C1N)O)O)=O
GlucoseAmm	G4	C1(C(C(C(CO)(C1)O)N)N)=O
GlucoseAmm	G4	C1(C(C(C(CO)(C1)O)N)O)=O
GlucoseAmm	G4	C1(C(C(C(CO)(C1)O)O)N)=O
GlucoseAmm	G4	C1(C(C(C(CO)C1N)N)O)=O
GlucoseAmm	G4	C1(C(C(C(CO)C1N)O)N)=O
GlucoseAmm	G4	C1(C(C(C(N)=C)O)OC(C1)O)=O
GlucoseAmm	G4	C1(C(C(C(O)OC(C)C1)O)O)=O
GlucoseAmm	G4	C1(C(C(C(O)OCC1)(C)O)O)=O
GlucoseAmm	G4	C1(C(C(C(O)OCC1)N)N)=O
GlucoseAmm	G4	C1(C(C(C)(C(C(C1)O)O)O)O)=O
GlucoseAmm	G4	C1(C(C(C)(C(C1CO)O)O)O)=O
GlucoseAmm	G4	C1(C(C(C)(CN)O)OC(C1)O)=O
GlucoseAmm	G4	C1(C(C(C)(O)OCC1N)O)=O
GlucoseAmm	G4	C1(C(C(C)(O)OCC1O)O)=O
GlucoseAmm	G4	C1(C(C(C)N)OC(C1O)O)=O
GlucoseAmm	G4	C1(C(C(C)O)(C(CO1)O)O)=O
GlucoseAmm	G4	C1(C(C(C)O)OC(C(C1)O)O)=O
GlucoseAmm	G4	C1(C(C(C)O)OC(C1O)O)=O
GlucoseAmm	G4	C1(C(C(C)OC(C(C1)O)O)O)=O
GlucoseAmm	G4	C1(C(C(C)OC(C1O)O)O)=O
GlucoseAmm	G4	C1(C(C(C=C(C1)N)O)O)=O
GlucoseAmm	G4	C1(C(C(C=CC1N)O)O)=O
GlucoseAmm	G4	C1(C(C(C=CC1O)O)N)=O
GlucoseAmm	G4	C1(C(C(C=CC1O)O)O)=O
GlucoseAmm	G4	C1(C(C(CC(C(C1)O)O)O)O)=O
GlucoseAmm	G4	C1(C(C(CC(C1)O)O)O)=O
GlucoseAmm	G4	C1(C(C(CC(C1N)N)O)O)=O
GlucoseAmm	G4	C1(C(C(CC(C1N)O)N)O)=O
GlucoseAmm	G4	C1(C(C(CC(C1N)O)O)N)=O
GlucoseAmm	G4	C1(C(C(CC(C1O)N)O)O)=O
GlucoseAmm	G4	C1(C(C(CC(C1O)O)O)=O)=O
GlucoseAmm	G4	C1(C(C(CC(C=1)=O)O)O)N
GlucoseAmm	G4	C1(C(C(CC(CO)(C1)O)O)O)=O
GlucoseAmm	G4	C1(C(C(CC(CO)O1)N)N)=O
GlucoseAmm	G4	C1(C(C(CC(CO)O1)N)O)=O
GlucoseAmm	G4	C1(C(C(CC(CO1)O)N)N)=O
GlucoseAmm	G4	C1(C(C(CC(CO1)O)N)O)=O
GlucoseAmm	G4	C1(C(C(CC1(CO)O)O)=O)=O
GlucoseAmm	G4	C1(C(C(CC1(CO)O)O)N)=O
GlucoseAmm	G4	C1(C(C(CC1)(CN)O)O)=O
GlucoseAmm	G4	C1(C(C(CC1)(CO)O)O)=O
GlucoseAmm	G4	C1(C(C(CC1N)(CN)O)O)=O
GlucoseAmm	G4	C1(C(C(CC1N)(CO)O)O)=O
GlucoseAmm	G4	C1(C(C(CC1N)O)O)=O
GlucoseAmm	G4	C1(C(C(CC1O)O)O)=O
GlucoseAmm	G4	C1(C(C(CCO)O)(O)OCC1)=O
GlucoseAmm	G4	C1(C(C(CCO)O)OC(C1)O)=O
GlucoseAmm	G4	C1(C(C(CN)(C(C1)O)O)N)=O
GlucoseAmm	G4	C1(C(C(CN)(C(CO)O1)O)N)O
GlucoseAmm	G4	C1(C(C(CN)(C(CO)O1)O)O)O
GlucoseAmm	G4	C1(C(C(CN)(O)OCC1)N)=O
GlucoseAmm	G4	C1(C(C(CN)(O)OCC1O)O)=O
GlucoseAmm	G4	C1(C(C(CN)N)(O)OCC1)=O
GlucoseAmm	G4	C1(C(C(CN)N)OCC1O)=O
GlucoseAmm	G4	C1(C(C(CN)NC1CO)O)=O
GlucoseAmm	G4	C1(C(C(CN)NCC1)O)=O
GlucoseAmm	G4	C1(C(C(CN)NCC1O)O)=O
GlucoseAmm	G4	C1(C(C(CN)O)(O)OCC1)=O
GlucoseAmm	G4	C1(C(C(CN)O)NCC1)=O
GlucoseAmm	G4	C1(C(C(CN)O)OC(C1)O)=O
GlucoseAmm	G4	C1(C(C(CN)O)OCC1O)=O
GlucoseAmm	G4	C1(C(C(CN)OC(C1)O)O)=O
GlucoseAmm	G4	C1(C(C(CNC1CN)O)O)=O
GlucoseAmm	G4	C1(C(C(CNC1CO)N)O)=O
GlucoseAmm	G4	C1(C(C(CNC1CO)O)O)=O
GlucoseAmm	G4	C1(C(C(CNCC1)O)O)=O
GlucoseAmm	G4	C1(C(C(CNCC1O)N)O)=O
GlucoseAmm	G4	C1(C(C(CNCC1O)O)O)=O
GlucoseAmm	G4	C1(C(C(CO)(C(C)(C1)O)O)O)=O
GlucoseAmm	G4	C1(C(C(CO)(C(C1)N)O)O)=O
GlucoseAmm	G4	C1(C(C(CO)(C(CO)O1)O)N)O
GlucoseAmm	G4	C1(C(C(CO)(C)O)(O)OCC1)=O
GlucoseAmm	G4	C1(C(C(CO)(C)O)OC(C1)O)=O
GlucoseAmm	G4	C1(C(C(CO)(C)OC(C1)O)O)=O
GlucoseAmm	G4	C1(C(C(CO)(CC(C1)O)O)O)=O
GlucoseAmm	G4	C1(C(C(CO)(O)OCC1)N)=O
GlucoseAmm	G4	C1(C(C(CO)C(C1CO)O)=O)=O
GlucoseAmm	G4	C1(C(C(CO)C(CO)(C1)O)O)=O
GlucoseAmm	G4	C1(C(C(CO)N)(O)OCC1)=O
GlucoseAmm	G4	C1(C(C(CO)N)NCC1N)=O
GlucoseAmm	G4	C1(C(C(CO)N)OC(C1)N)=O
GlucoseAmm	G4	C1(C(C(CO)N)OC(C1O)O)=O
GlucoseAmm	G4	C1(C(C(CO)N)OCC1N)=O
GlucoseAmm	G4	C1(C(C(CO)N)OCC1O)=O
GlucoseAmm	G4	C1(C(C(CO)NC1CN)O)=O
GlucoseAmm	G4	C1(C(C(CO)NC1CO)O)=O
GlucoseAmm	G4	C1(C(C(CO)NCC1)O)=O
GlucoseAmm	G4	C1(C(C(CO)NCC1N)N)=O
GlucoseAmm	G4	C1(C(C(CO)O)(O)OCC1)=O
GlucoseAmm	G4	C1(C(C(CO)O)C(CO1)O)=O
GlucoseAmm	G4	C1(C(C(CO)O)NCC1)=O
GlucoseAmm	G4	C1(C(C(CO)O)OC(C1N)O)=O
GlucoseAmm	G4	C1(C(C(CO)O)OC(C=1)=O)N
GlucoseAmm	G4	C1(C(C(CO)OC(C1)N)N)=O
GlucoseAmm	G4	C1(C(C(CO)OC(C1N)O)O)=O
GlucoseAmm	G4	C1(C(C(CO)OC(C=1)=O)O)N
GlucoseAmm	G4	C1(C(C(CO)OCC1N)N)=O
GlucoseAmm	G4	C1(C(C(CO1)O)(C(CN)O)O)=O
GlucoseAmm	G4	C1(C(C(COC(C1)N)N)O)=O
GlucoseAmm	G4	C1(C(C(COC(C1)N)O)N)=O
GlucoseAmm	G4	C1(C(C(COC(C1)O)(C)O)O)=O
GlucoseAmm	G4	C1(C(C(COC(C1)O)N)N)=O
GlucoseAmm	G4	C1(C(C(COC(C1N)O)O)O)=O
GlucoseAmm	G4	C1(C(C(COC(C1O)O)N)O)=O
GlucoseAmm	G4	C1(C(C(COC(C=1)=O)O)O)N
GlucoseAmm	G4	C1(C(C(COCC1N)N)O)=O
GlucoseAmm	G4	C1(C(C(COCC1N)O)N)=O
GlucoseAmm	G4	C1(C(C(N)=CC(CO)O1)O)=O
GlucoseAmm	G4	C1(C(C(N)=CC(CO1)O)O)=O
GlucoseAmm	G4	C1(C(C(N)=CC1CO)O)=O
GlucoseAmm	G4	C1(C(C(N)OC(CO)C1)N)=O
GlucoseAmm	G4	C1(C(C(N)OCC(C1)N)O)=O
GlucoseAmm	G4	C1(C(C(N)OCC(C1)O)N)=O
GlucoseAmm	G4	C1(C(C(N)OCCC1N)O)=O
GlucoseAmm	G4	C1(C(C(O)OC(C)C1N)O)=O
GlucoseAmm	G4	C1(C(C(O)OC(CN)C1)O)=O
GlucoseAmm	G4	C1(C(C(O)OC(CO)C1N)O)=O
GlucoseAmm	G4	C1(C(C(O)OCC(C1)N)N)=O
GlucoseAmm	G4	C1(C(C(O)OCC(C1N)O)O)=O
GlucoseAmm	G4	C1(C(C)(O)OC(CO)C1O)=O
GlucoseAmm	G4	C1(C(C)(O)OCC(C1O)O)=O
GlucoseAmm	G4	C1(C(C)OC(C(C1N)O)O)=O
GlucoseAmm	G4	C1(C(C)OC(C(C1O)N)O)=O
GlucoseAmm	G4	C1(C(C)OC(CN)(C1O)O)=O
GlucoseAmm	G4	C1(C(C)OC(CO)(C1O)O)=O
GlucoseAmm	G4	C1(C(C=C(C1CO)N)O)=O
GlucoseAmm	G4	C1(C(C=C(CO)C1N)O)=O
GlucoseAmm	G4	C1(C(C=C(CO)C1O)O)=O
GlucoseAmm	G4	C1(C(C=CC1(CO)O)N)=O
GlucoseAmm	G4	C1(C(C=CC1(CO)O)O)=O
GlucoseAmm	G4	C1(C(CC(C(C1CO)O)O)=O)=O
GlucoseAmm	G4	C1(C(CC(C(C1N)N)O)O)=O
GlucoseAmm	G4	C1(C(CC(C(C1N)O)N)O)=O
GlucoseAmm	G4	C1(C(CC(C(C1N)O)O)N)=O
GlucoseAmm	G4	C1(C(CC(C(C1N)O)O)O)=O
GlucoseAmm	G4	C1(C(CC(C(C1O)N)O)O)=O
GlucoseAmm	G4	C1(C(CC(C(C=O)O)(C1)O)O)=O
GlucoseAmm	G4	C1(C(CC(C(CO)O)(C1)O)O)=O
GlucoseAmm	G4	C1(C(CC(C(CO)O1)N)N)=O
GlucoseAmm	G4	C1(C(CC(C(CO)O1)N)O)=O
GlucoseAmm	G4	C1(C(CC(C(CO1)O)N)N)=O
GlucoseAmm	G4	C1(C(CC(C(CO1)O)N)O)=O
GlucoseAmm	G4	C1(C(CC(C1(CN)N)O)O)=O
GlucoseAmm	G4	C1(C(CC(C1(CN)O)O)N)=O
GlucoseAmm	G4	C1(C(CC(C1(CN)O)O)O)=O
GlucoseAmm	G4	C1(C(CC(C1(CO)CO)O)=O)=O
GlucoseAmm	G4	C1(C(CC(C1(CO)N)O)N)=O
GlucoseAmm	G4	C1(C(CC(C1(CO)N)O)O)=O
GlucoseAmm	G4	C1(C(CC(C1(CO)O)O)=O)=O
GlucoseAmm	G4	C1(C(CC(C1CN)O)O)=O
GlucoseAmm	G4	C1(C(CC(C1CO)O)O)=O
GlucoseAmm	G4	C1(C(CC(C=1C=O)O)O)N
GlucoseAmm	G4	C1(C(CC(CN)(C1)O)O)=O
GlucoseAmm	G4	C1(C(CC(CN)(C1O)O)O)=O
GlucoseAmm	G4	C1(C(CC(CO)(C1)O)O)=O
GlucoseAmm	G4	C1(C(CC(CO)(C1CO)O)O)=O
GlucoseAmm	G4	C1(C(CC(CO)(C1N)O)N)=O
GlucoseAmm	G4	C1(C(CC(CO)(O)OCC1)O)=O
GlucoseAmm	G4	C1(C(CC(O)OCC1N)N)=O
GlucoseAmm	G4	C1(C(CC(O)OCC1N)O)=O
GlucoseAmm	G4	C1(C(CCN)OC(C1O)O)=O
GlucoseAmm	G4	C1(C(CCO)(O)OCC1N)=O
GlucoseAmm	G4	C1(C(CCO)(O)OCC1O)=O
GlucoseAmm	G4	C1(C(CCOC(C1N)O)N)=O
GlucoseAmm	G4	C1(C(CN)(O)OC(CO)C1O)=O
GlucoseAmm	G4	C1(C(CN)(O)OCC(C1)N)=O
GlucoseAmm	G4	C1(C(CN)(O)OCC(C1O)O)=O
GlucoseAmm	G4	C1(C(CN)(O)OCCC1N)=O
GlucoseAmm	G4	C1(C(CN)NC(CO)C1)=O
GlucoseAmm	G4	C1(C(CN)NCC1(CO)O)=O
GlucoseAmm	G4	C1(C(CN)OC(C(C1)N)O)=O
GlucoseAmm	G4	C1(C(CN)OC(C)(C1O)O)=O
GlucoseAmm	G4	C1(C(CN)OC(CC1N)O)=O
GlucoseAmm	G4	C1(C(CN)OC(CC1O)O)=O
GlucoseAmm	G4	C1(C(CN)OC(CN)(C1)O)=O
GlucoseAmm	G4	C1(C(CN)OC(CO)(C1)O)=O
GlucoseAmm	G4	C1(C(CN)OC(CO)C1N)=O
GlucoseAmm	G4	C1(C(CN)OCC(C1N)O)=O
GlucoseAmm	G4	C1(C(CN)OCC(C1O)N)=O
GlucoseAmm	G4	C1(C(CNC(CN)C1)O)=O
GlucoseAmm	G4	C1(C(CNC(CN)C1N)O)=O
GlucoseAmm	G4	C1(C(CNC(CO)C1)O)=O
GlucoseAmm	G4	C1(C(CNC(CO)C1N)O)=O
GlucoseAmm	G4	C1(C(CNC(CO)C1O)=O)=O
GlucoseAmm	G4	C1(C(CNC1C(CO)N)O)=O
GlucoseAmm	G4	C1(C(CNC1C(CO)O)=O)=O
GlucoseAmm	G4	C1(C(CNC1CCO)O)=O
GlucoseAmm	G4	C1(C(CNC1CN)O)=O
GlucoseAmm	G4	C1(C(CNC1CO)O)=O
GlucoseAmm	G4	C1(C(CNCC(C1)O)O)=O
GlucoseAmm	G4	C1(C(CNCC(C1N)N)O)=O
GlucoseAmm	G4	C1(C(CNCC(C1N)O)O)=O
GlucoseAmm	G4	C1(C(CNCC(C1O)=O)O)=O
GlucoseAmm	G4	C1(C(CO)(C(C(C1)=O)O)O)=O
GlucoseAmm	G4	C1(C(CO)(C(C=O)(CC1)O)O)=O
GlucoseAmm	G4	C1(C(CO)(C(CC(C1)=O)O)O)=O
GlucoseAmm	G4	C1(C(CO)(CO)C(C(C1)=O)O)=O
GlucoseAmm	G4	C1(C(CO)(CO)CC(C1O)=O)=O
GlucoseAmm	G4	C1(C(CO)(O)OCC(C1)N)=O
GlucoseAmm	G4	C1(C(CO)(O)OCCC1N)=O
GlucoseAmm	G4	C1(C(CO)C(C(C(C1)=O)O)O)=O
GlucoseAmm	G4	C1(C(CO)C(C(C1O)=O)O)=O
GlucoseAmm	G4	C1(C(CO)C(C=O)(CC1O)O)=O
GlucoseAmm	G4	C1(C(CO)C(CC(C1O)=O)O)=O
GlucoseAmm	G4	C1(C(CO)NC(CN)C1)=O
GlucoseAmm	G4	C1(C(CO)NC(CN)C1N)=O
GlucoseAmm	G4	C1(C(CO)NC(CO)C1)=O
GlucoseAmm	G4	C1(C(CO)NC(CO)C1N)=O
GlucoseAmm	G4	C1(C(CO)NCC(C1)O)=O
GlucoseAmm	G4	C1(C(CO)NCC(C1N)N)=O
GlucoseAmm	G4	C1(C(CO)NCC(C1N)O)=O
GlucoseAmm	G4	C1(C(CO)NCC(C1O)=O)=O
GlucoseAmm	G4	C1(C(CO)NCC1(CO)O)=O
GlucoseAmm	G4	C1(C(CO)OC(C(C1)O)(C)O)=O
GlucoseAmm	G4	C1(C(CO)OC(C(C1N)O)O)=O
GlucoseAmm	G4	C1(C(CO)OC(C)(C1O)O)=O
GlucoseAmm	G4	C1(C(CO)OC(CC1N)N)=O
GlucoseAmm	G4	C1(C(CO)OC(CN)(C1O)O)=O
GlucoseAmm	G4	C1(C(CO)OC(CN)C1N)=O
GlucoseAmm	G4	C1(C(CO)OC(CO)C1N)=O
GlucoseAmm	G4	C1(C(CO)OCC(C1N)N)=O
GlucoseAmm	G4	C1(C(CO)OCC(C1N)O)=O
GlucoseAmm	G4	C1(C(CO)OCC(C1O)N)=O
GlucoseAmm	G4	C1(C(COC(C(C1)N)O)N)=O
GlucoseAmm	G4	C1(C(COC(C(C1)O)(C)O)O)=O
GlucoseAmm	G4	C1(C(COC(C(C1N)O)O)O)=O
GlucoseAmm	G4	C1(C(COC(CC1N)N)O)=O
GlucoseAmm	G4	C1(C(COC(CN)(C1)O)N)=O
GlucoseAmm	G4	C1(C(COC(CN)C1N)O)=O
GlucoseAmm	G4	C1(C(COC(CO)(C1)O)N)=O
GlucoseAmm	G4	C1(C(COC(CO)C1N)O)=O
GlucoseAmm	G4	C1(C(COCC(C1N)N)O)=O
GlucoseAmm	G4	C1(C(N)OC(CO)CC1N)=O
GlucoseAmm	G4	C1(C(N)OCC(CC1N)O)=O
GlucoseAmm	G4	C1(C(O)OC(C(CO)O)C1N)=O
GlucoseAmm	G4	C1(C(O)OC(CN)C1CO)=O
GlucoseAmm	G4	C1(C(O)OC(CO)C(C1N)O)=O
GlucoseAmm	G4	C1(C(O)OC(CO)C(C1O)N)=O
GlucoseAmm	G4	C1(C(O)OC(CO)C1CO)=O
GlucoseAmm	G4	C1(C(O)OCC(C(C1N)O)O)=O
GlucoseAmm	G4	C1(C(O)OCC(C(C1O)N)O)=O
GlucoseAmm	G4	C1(C(O)OCC(C1CO)O)=O
GlucoseAmm	G4	C1(C(O)OCC(CC1N)N)=O
GlucoseAmm	G4	C1(C(O)OCC1C(C(C)N)O)=O
GlucoseAmm	G4	C1(C(O)OCC1C(C(N)=C)O)=O
GlucoseAmm	G4	C1(C(O)OCC1C(C)(CN)O)=O
GlucoseAmm	G4	C1(C(O)OCC1C(CCO)O)=O
GlucoseAmm	G4	C1(C(O)OCC1C(CN)O)=O
GlucoseAmm	G4	C1(C(O)OCC1C(CO)(C)O)=O
GlucoseAmm	G4	C1(C(O)OCC1C(CO)O)=O
GlucoseAmm	G4	C1(C(O)OCCC(C1N)N)=O
GlucoseAmm	G4	C1(C)C(C(C(C=1N)=O)O)O
GlucoseAmm	G4	C1(CC(C(C(C1CO)=O)O)O)=O
GlucoseAmm	G4	C1(CC(C(C(C1O)=O)O)O)=O
GlucoseAmm	G4	C1(CC(C(C)(C1(CO)O)O)O)=O
GlucoseAmm	G4	C1(CC(C(C1(C(C)O)O)O)O)=O
GlucoseAmm	G4	C1(CC(C(C1(CN)N)O)O)=O
GlucoseAmm	G4	C1(CC(C(C1(CN)O)O)N)=O
GlucoseAmm	G4	C1(CC(C(C1(CO)CO)=O)O)=O
GlucoseAmm	G4	C1(CC(C(C1(CO)N)O)N)=O
GlucoseAmm	G4	C1(CC(C(C1CN)O)O)=O
GlucoseAmm	G4	C1(CC(C(C1O)=CN)O)=O
GlucoseAmm	G4	C1(CC(C(CC(C1O)O)=O)O)=O
GlucoseAmm	G4	C1(CC(C(CC1(CO)O)=O)O)=O
GlucoseAmm	G4	C1(CC(C(CN)(C1)O)O)=O
GlucoseAmm	G4	C1(CC(C)(C(C1(CO)O)O)O)=O
GlucoseAmm	G4	C1(CC(C=C(C1O)N)O)=O
GlucoseAmm	G4	C1(CC(CC(C1(CO)O)=O)O)=O
GlucoseAmm	G4	C1(CC(N)=CC1(CO)O)=O
GlucoseAmm	G4	C1(CCC(C(C1(CO)O)O)=O)=O
GlucoseAmm	G4	C1(CCC(C1(CN)O)O)=O
GlucoseAmm	G4	C1(CCC(C1(CO)O)O)=O
GlucoseAmm	G4	C1(CN)C(C(C(C=1)=O)O)O
GlucoseAmm	G4	C1(CNC(C(CO)O)C1N)=O
GlucoseAmm	G4	C1(CNC(C(CO)O)C1O)=O
GlucoseAmm	G4	C1(CNC(CCN)C1O)=O
GlucoseAmm	G4	C1(CNC(CCO)C1O)=O
GlucoseAmm	G4	C1(CNC(CN)C(C1O)O)=O
GlucoseAmm	G4	C1(CNC(CN)CC1O)=O
GlucoseAmm	G4	C1(CNC(CO)C(C1N)O)=O
GlucoseAmm	G4	C1(CNC(CO)C(C1O)O)=O
GlucoseAmm	G4	C1(CNCC(C(C1O)O)=O)=O
GlucoseAmm	G4	C1(CNCC(C(C1O)O)O)=O
GlucoseAmm	G4	C1(CNCC(C1(CO)N)O)=O
GlucoseAmm	G4	C1(CNCC(C1(CO)O)=O)=O
GlucoseAmm	G4	C1(CNCC(C1(CO)O)O)=O
GlucoseAmm	G4	C1(CNCC(C1O)O)=O
GlucoseAmm	G4	C1(CNCC1(C(CO)O)O)=O
GlucoseAmm	G4	C1(CNCC1(CO)O)=O
GlucoseAmm	G4	C1(CO)C(C(C(C=1)=O)O)O
GlucoseAmm	G4	C1(CO)CC(C(C=1N)=O)O
GlucoseAmm	G4	C1(COC(C(C(C)O)(C1)O)O)=O
GlucoseAmm	G4	C1(COC(C(C(C1)O)N)O)=O
GlucoseAmm	G4	C1(COC(C(C(C1N)O)O)O)=O
GlucoseAmm	G4	C1(COC(C(C)O)(C1O)O)=O
GlucoseAmm	G4	C1(COC(C(C1)O)(CCO)O)=O
GlucoseAmm	G4	C1(COC(C(C1C(C)O)O)O)=O
GlucoseAmm	G4	C1(COC(C(C1CO)O)O)=O
GlucoseAmm	G4	C1(COC(C(C1N)O)O)=O
GlucoseAmm	G4	C1(COC(C(C1O)O)O)=O
GlucoseAmm	G4	C1(COC(C(CC1N)N)O)=O
GlucoseAmm	G4	C1(COC(C(CC1O)N)O)=O
GlucoseAmm	G4	C1(COC(C(CN)N)(C1)O)=O
GlucoseAmm	G4	C1(COC(C(CN)O)(C1)O)=O
GlucoseAmm	G4	C1(COC(C(CO)N)(C1)O)=O
GlucoseAmm	G4	C1(COC(C)(C(C(C1)O)O)O)=O
GlucoseAmm	G4	C1(COC(C)(C(C1CO)O)O)=O
GlucoseAmm	G4	C1(COC(C)(C(C1N)O)O)=O
GlucoseAmm	G4	C1(COC(C)(C(C1O)N)O)=O
GlucoseAmm	G4	C1(COC(C1C(C(C)N)O)O)=O
GlucoseAmm	G4	C1(COC(C1C(C(N)=C)O)O)=O
GlucoseAmm	G4	C1(COC(C1C(C)(CN)O)O)=O
GlucoseAmm	G4	C1(COC(C1C(CCO)O)O)=O
GlucoseAmm	G4	C1(COC(C1C(CN)O)O)=O
GlucoseAmm	G4	C1(COC(C1C(CO)(C)O)O)=O
GlucoseAmm	G4	C1(COC(C1C(CO)O)O)=O
GlucoseAmm	G4	C1(COC(CC(C1N)N)O)=O
GlucoseAmm	G4	C1(COC(CC(C1N)O)O)=O
GlucoseAmm	G4	C1(COC(CC(C1O)N)O)=O
GlucoseAmm	G4	C1(COC(CC1O)(CN)O)=O
GlucoseAmm	G4	C1(COC(CCN)(C1O)O)=O
GlucoseAmm	G4	C1(COC(CCO)(C1N)O)=O
GlucoseAmm	G4	C1(COC(CN)(C(C1)N)O)=O
GlucoseAmm	G4	C1(COC(CN)(CC1N)O)=O
GlucoseAmm	G4	C1(COC(CO)(C(C1)N)O)=O
GlucoseAmm	G4	C1(COC(CO)(CC(C1)O)O)=O
GlucoseAmm	G4	C1(COC(CO)(CC1N)O)=O
GlucoseAmm	G4	C1(COC(CO)C(C1N)N)=O
GlucoseAmm	G4	C1(COCC(C(C1N)N)O)=O
GlucoseAmm	G4	C1C(C(C(C(C(O)O1)O)O)N)O
GlucoseAmm	G4	C1C(C(C(C(C(O)O1)O)O)O)N
GlucoseAmm	G4	C1C(C(C(C(C=1)=O)(CO)O)O)O
GlucoseAmm	G4	C1C(C(C(C(C=1)=O)N)O)O
GlucoseAmm	G4	C1C(C(C(C(C=1)=O)O)N)O
GlucoseAmm	G4	C1C(C(C(C(C=1CO)=O)O)O)O
GlucoseAmm	G4	C1C(C(C(C(CN)O1)O)O)O
GlucoseAmm	G4	C1C(C(C(C=1)=O)(CN)O)O
GlucoseAmm	G4	C1C(C(C(C=1)=O)(CO)N)O
GlucoseAmm	G4	C1C(C(C(C=1)O)O)(CN)O
GlucoseAmm	G4	C1C(C(C(C=1C=O)N)O)O
GlucoseAmm	G4	C1C(C(C(C=1C=O)O)N)O
GlucoseAmm	G4	C1C(C(C(C=1C=O)O)O)N
GlucoseAmm	G4	C1C(C(C(C=1CN)=O)O)O
GlucoseAmm	G4	C1C(C(C(C=1CN)O)O)O
GlucoseAmm	G4	C1C(C(C(C=1CO)=O)N)O
GlucoseAmm	G4	C1C(C(C(C=1CO)=O)O)N
GlucoseAmm	G4	C1C(C(C(C=1N)=O)CO)O
GlucoseAmm	G4	C1C(C(C(CCN)(O)O1)O)O
GlucoseAmm	G4	C1C(C(C(CN)(O)O1)O)O
GlucoseAmm	G4	C1C(C(C(CO)(O)O1)O)O
GlucoseAmm	G4	C1C(C(C(O)O1)(C(C)O)O)N
GlucoseAmm	G4	C1C(C(C(O)O1)(C(C)O)O)O
GlucoseAmm	G4	C1C(C(C(O)O1)(C(CN)O)O)N
GlucoseAmm	G4	C1C(C(C(O)O1)(C(CN)O)O)O
GlucoseAmm	G4	C1C(C(C(O)O1)(C(CO)N)O)O
GlucoseAmm	G4	C1C(C(C(O)O1)(C(CO)O)O)N
GlucoseAmm	G4	C1C(C(CC(C=1N)=O)O)O
GlucoseAmm	G4	C1C(C(CN)(C(C(O)O1)N)O)O
GlucoseAmm	G4	C1C(C(CN)(C(C(O)O1)O)O)O
GlucoseAmm	G4	C1C(C(CN)(C(C=1)O)O)O
GlucoseAmm	G4	C1C(C(CO)(C(C(O)O1)N)O)O
GlucoseAmm	G4	C1C(C(CO)(C(C)(O)O1)O)O
GlucoseAmm	G4	C1C(C(CO)(C(CN)(O)O1)O)O
GlucoseAmm	G4	C1C(C(CO)O)(C(C(O)O1)N)O
GlucoseAmm	G4	C1C(C(COC(C=1N)O)O)O
GlucoseAmm	G4	C1C(C(OC(C(C=1)=O)CO)O)O
GlucoseAmm	G4	C1C(C(OCC(C=1CO)=O)O)O
GlucoseAmm	G4	C1C(C)(C(C(C)(O)O1)O)O
GlucoseAmm	G4	C1C(C)(C(C(CCO)(O)O1)O)O
GlucoseAmm	G4	C1C(C)(C(C(CN)(O)O1)O)O
GlucoseAmm	G4	C1C(C)(C(C(CO)(O)O1)N)O
GlucoseAmm	G4	C1C(C)(C(C(CO)(O)O1)O)O
GlucoseAmm	G4	C1C(C)(C(C(O)O1)N)O
GlucoseAmm	G4	C1C(C)(C(C(O)O1)O)O
GlucoseAmm	G4	C1C(C)(C(CO)(C(C)(O)O1)O)O
GlucoseAmm	G4	C1C(CCO)(C(C(O)O1)N)O
GlucoseAmm	G4	C1C(CCO)(C(C(O)O1)O)O
GlucoseAmm	G4	C1C(CN)(C(C(C)(O)O1)O)O
GlucoseAmm	G4	C1C(CN)(C(C(C=1)=O)O)O
GlucoseAmm	G4	C1C(CN)(C(C(CN)(O)O1)O)O
GlucoseAmm	G4	C1C(CN)(C(C(CO)(O)O1)N)O
GlucoseAmm	G4	C1C(CN)(C(C(CO)(O)O1)O)O
GlucoseAmm	G4	C1C(CN)(C(C(O)O1)N)O
GlucoseAmm	G4	C1C(CN)(C(C(O)O1)O)O
GlucoseAmm	G4	C1C(CO)(C(C(C)(O)O1)O)O
GlucoseAmm	G4	C1C(CO)(C(C(C=1)=O)N)O
GlucoseAmm	G4	C1C(CO)(C(C(C=1)=O)O)O
GlucoseAmm	G4	C1C(CO)(C(C(CN)(O)O1)O)O
GlucoseAmm	G4	C1C(CO)(C(C(O)O1)N)O
GlucoseAmm	G4	C1C(CO)(C(C(O)O1)O)O
GlucoseAmm	G4	C1CC(C(C(C=1N)=O)O)O
GlucoseAmm	G4	C=C(C(C(C(C(C)=O)=O)O)O)N
GlucoseAmm	G4	C=C(C(C(C(C)O)O)=O)N
GlucoseAmm	G4	C=C(C(C(C(C=O)=O)(C)O)O)N
GlucoseAmm	G4	C=C(C(C(C(C=O)=O)CO)O)N
GlucoseAmm	G4	C=C(C(C(C(CCO)O)O)=O)N
GlucoseAmm	G4	C=C(C(C(C(CN)O)O)=O)N
GlucoseAmm	G4	C=C(C(C(C(CO)(C)O)O)=O)N
GlucoseAmm	G4	C=C(C(C(C(CO)N)O)=O)N
GlucoseAmm	G4	C=C(C(C(C(CO)O)N)=O)N
GlucoseAmm	G4	C=C(C(C(CC(C=O)=O)O)O)N
GlucoseAmm	G4	C=C(C(C(CO)O)=O)N
GlucoseAmm	G4	C=C(C(CC(C(CO)=O)=O)O)N
GlucoseAmm	G4	C=C(C(CC(CN)O)=O)N
GlucoseAmm	G4	C=C(C(CC(CO)O)=O)N
GlucoseAmm	G4	C=C(C(CN)O)N
GlucoseAmm	G4	C=C(C(CO)=O)C(CN)O
GlucoseAmm	G4	C=C(C(CO)=O)C(CO)O
GlucoseAmm	G4	C=C(C=O)C(C(C(CO)N)O)=O
GlucoseAmm	G4	C=C(C=O)C(C(C(CO)O)N)=O
GlucoseAmm	G4	C=C(C=O)C(C(C(CO)O)O)=O
GlucoseAmm	G4	C=C(C=O)C(C(C(CO)O)O)O
GlucoseAmm	G4	C=C(C=O)C1(C(C(CO1)O)O)O
GlucoseAmm	G4	C=C1C(C(C(C(C1O)O)O)O)=O
GlucoseAmm	G4	C=C1C(C(C(C(OC1)O)O)O)=O
GlucoseAmm	G4	C=C1C(C(C(C1N)O)O)=O
GlucoseAmm	G4	C=C1C(C(C(C1O)N)O)=O
GlucoseAmm	G4	C=C1C(C(C(C1O)O)N)=O
GlucoseAmm	G4	C=C1C(C(C(CN)O1)O)O
GlucoseAmm	G4	C=C1C(C(C(CO)O)OC1O)=O
GlucoseAmm	G4	C=C1C(C(C(CO)O1)O)O
GlucoseAmm	G4	C=C1C(C(C(CO)OC1O)O)=O
GlucoseAmm	G4	C=C1C(C(C(CO1)O)O)O
GlucoseAmm	G4	C=C1C(C(C(COC1O)O)O)=O
GlucoseAmm	G4	C=C1C(COC(C(C1O)O)O)=O
GlucoseAmm	G4	C=CC(C(C(CN)N)O)=O
GlucoseAmm	G4	C=CC(C(C(CN)O)N)=O
GlucoseAmm	G4	C=CC(C(C(CN)O)O)=O
GlucoseAmm	G4	CC(C(CN)(C(CO)N)O)O
GlucoseAmm	G4	CC(C(CN)(C(CO)O)O)O
GlucoseAmm	G4	CC(C(CN)N)O
GlucoseAmm	G4	CC(C(CO)O)(C(CN)N)O
GlucoseAmm	G4	CC(C(CO)O)(C(CN)O)O
GlucoseAmm	G4	CC(C1(C(C(CO1)O)O)O)O
GlucoseAmm	G4	CC(CO)(C(CN)N)O
GlucoseAmm	G4	CC(CO)(C(CN)O)O
GlucoseAmm	G4	CC1(C(C(C(CN)O1)N)O)O
GlucoseAmm	G4	CC1(C(C(C(CN)O1)O)O)O
GlucoseAmm	G4	CC1(C(C(C(CO1)O)N)O)O
GlucoseAmm	G4	CC1(C(C(C(CO1)O)O)N)O
GlucoseAmm	G4	CC1(C(C(C)(C(CO)O1)O)O)O
GlucoseAmm	G4	CC1(C(C(CO1)(CCO)O)O)O
GlucoseAmm	G4	CC1(C(C(CO1)O)O)O
GlucoseAmm	G4	CC1(C(CO)OC(C1N)O)O
GlucoseAmm	G4	CC1(C(CO)OC(C1O)O)O
GlucoseAmm	G4	CC1(C(COC(C)(C1O)O)O)O
GlucoseAmm	G4	CC1(C(COC(C1N)O)O)O
GlucoseAmm	G4	CC1(C(COC(C1O)O)O)O
