Index,dG_prime_kJ_mol,sigma_kJ_mol,estimable,spontaneous_point,spontaneous_95
3_0,-14.123211956021777,2.3623218470519887,True,True,True
5_0,39.80872243527958,1.366665933036161,True,False,False
8_0,-14.119555935096201,3.2777062758234363,True,True,True
10_0,-6.2932611257516555,2.597682457666115,True,True,True
12_0,5.23145825234505,5.264288501970352,True,False,False
14_0,-11.719842810069792,1.7455924012432995,True,True,True
16_0,-7.077420494938906,1.9109484290684002,True,True,True
18_0,14.96846221737573,3.119423775751975,True,False,False
20_0,418.5853289375363,100000.00009959786,False,False,False
22_0,59.10346862290365,1.5445816537101469,True,False,False
23_0,14.123211956021777,2.3623218470519887,True,False,False
25_0,354.6319469487229,100000.0000920112,False,False,False
25_1,354.6319469487229,100000.0000920112,False,False,False
27_0,738.3465113321389,200000.0001757303,False,False,False
27_1,738.3465113321389,200000.0001757303,False,False,False
29_0,716.3536794182729,200000.000160604,False,False,False
29_1,716.3536794182729,200000.000160604,False,False,False
32_0,9.844753411601374,2.255297363007269,True,False,False
33_0,-48.696820118030644,4.318589609706014,True,True,True
34_0,-39.808722435279535,1.366665933036161,True,True,True
36_0,727.029600511866,200000.00017199066,False,False,False
38_0,0.39924939157373274,1.9071124388522862,True,False,False
40_0,41.014133375681354,1.24685410860712,True,False,False
42_0,43.233938083918815,1.75662726549929,True,False,False
44_0,419.7010967267855,100000.00008981235,False,False,False
45_0,-7.073764474013416,3.0833359080166867,True,True,True
47_0,384.34037486054575,100000.00013430043,False,False,False
49_0,75.26218099900069,3.9162961940863066,True,False,False
51_0,-95.87487231885069,6.857498887922173,True,True,True
53_0,-3.6183827013678638,0.9361853552194984,True,True,True
53_1,-3.6183827013678638,0.9361853552194984,True,True,True
55_0,368.5708400304631,100000.0001659535,False,False,False
55_1,368.5708400304631,100000.0001659535,False,False,False
57_0,368.5708400304631,100000.0001659535,False,False,False
57_1,368.5708400304631,100000.0001659535,False,False,False
59_0,-3.618380524201598,0.9361853552194981,True,True,True
59_1,-3.618380524201598,0.9361853552194981,True,True,True
61_0,1.024164554516119,1.1713947853498272,True,False,False
61_1,1.024164554516119,1.1713947853498272,True,False,False
63_0,-10.345257547771439,0.8681795068803964,True,True,True
63_1,-10.345257547771439,0.8681795068803964,True,True,True
65_0,-22.86850486465886,1.5145585451094703,True,True,True
65_1,-22.86850486465886,1.5145585451094703,True,True,True
67_0,740.7606850357823,200000.0003297136,False,False,False
67_1,740.7606850357823,200000.0003297136,False,False,False
69_0,368.5708422076294,100000.0001659535,False,False,False
69_1,368.5708422076294,100000.0001659535,False,False,False
71_0,373.21338728634726,100000.00016778284,False,False,False
71_1,373.21338728634726,100000.00016778284,False,False,False
73_0,361.8439651840596,100000.00016702033,False,False,False
73_1,361.8439651840596,100000.00016702033,False,False,False
75_0,349.3207178671722,100000.00017566577,False,False,False
75_1,349.3207178671722,100000.00017566577,False,False,False
77_0,339.6366419370036,100000.00008932856,False,False,False
77_1,339.6366419370036,100000.00008932856,False,False,False
79_0,339.6367647005905,100000.00008932856,False,False,False
79_1,339.6367647005905,100000.00008932856,False,False,False
81_0,696.6629012929739,200000.0001610746,False,False,False
81_1,696.6629012929739,200000.0001610746,False,False,False
83_0,-22.86850486465869,1.5145585451094703,True,True,True
83_1,-22.86850486465869,1.5145585451094703,True,True,True
85_0,-25.205144946961354,1.5919692024838479,True,True,True
87_0,-10.345255370605287,0.8681795068803961,True,True,True
87_1,-10.345255370605287,0.8681795068803961,True,True,True
89_0,-5.70271029188757,0.9315174901663511,True,True,True
89_1,-5.70271029188757,0.9315174901663511,True,True,True
91_0,-29.595379711062492,1.428166683547855,True,True,True
91_1,-29.595379711062492,1.428166683547855,True,True,True
93_0,706.2868840025687,200000.00016842928,False,False,False
95_0,-29.445161757655967,1.8798002866586225,True,True,True
95_1,-29.445161757655967,1.8798002866586225,True,True,True
97_0,-29.445161757656024,1.8798002866586223,True,True,True
97_1,-29.445161757656024,1.8798002866586223,True,True,True
99_0,-6.124141954711092,1.3032675159556373,True,True,True
101_0,-3.787501872408484,1.5473028103181918,True,True,True
101_1,-3.787501872408484,1.5473028103181918,True,True,True
103_0,366.06508077712,100000.00017607998,False,False,False
105_0,368.4017208594226,100000.00017354716,False,False,False
105_1,368.4017208594226,100000.00017354716,False,False,False
107_0,361.0235499256691,100000.00009047193,False,False,False
109_0,358.717644929254,100000.00008994735,False,False,False
109_1,358.717644929254,100000.00008994735,False,False,False
111_0,356.3811276105383,100000.0000897376,False,False,False
113_0,358.7177676928409,100000.00008994735,False,False,False
113_1,358.7177676928409,100000.00008994735,False,False,False
115_0,718.0498092816393,200000.00016064057,False,False,False
117_0,715.7439042852243,200000.00015970453,False,False,False
117_1,715.7439042852243,200000.00015970453,False,False,False
119_0,-6.1241397775447695,1.3032675159556373,True,True,True
121_0,-1.4815946988270525,1.503528371791256,True,True,False
123_0,-10.51443807896112,1.4929977932193408,True,True,True
123_1,-10.51443807896112,1.4929977932193408,True,True,True
125_0,-25.37426411800203,2.030710607982847,True,True,True
126_0,379.9264402375193,100000.00011948447,False,False,False
126_1,379.9264402375193,100000.00011948447,False,False,False
128_0,752.1162852428386,200000.00021788393,False,False,False
128_1,752.1162852428386,200000.00021788393,False,False,False
129_0,742.43220931267,200000.0001749695,False,False,False
129_1,742.43220931267,200000.0001749695,False,False,False
131_0,742.4323320762567,200000.0001749695,False,False,False
131_1,742.4323320762567,200000.0001749695,False,False,False
133_0,1099.45846866864,300000.000245528,False,False,False
133_1,1099.45846866864,300000.000245528,False,False,False
135_0,10.694343912664749,3.0558187661019245,True,False,False
135_1,10.694343912664749,3.0558187661019245,True,False,False
137_0,-11.550738858586328,1.2482175220515694,True,True,True
138_0,357.9336083236536,100000.00008625137,False,False,False
138_1,357.9336083236536,100000.00008625137,False,False,False
140_0,-3.4860829522963,4.562455248014836,True,True,False
141_0,730.1234533289727,200000.00019987032,False,False,False
141_1,730.1234533289727,200000.00019987032,False,False,False
143_0,-11.550702692559923,1.2482175220515692,True,True,True
145_0,355.59697041851734,100000.00008214651,False,False,False
147_0,-11.298606648692044,1.6084697322114674,True,True,True
147_1,-11.298606648692044,1.6084697322114674,True,True,True
149_0,-30.800821410342706,1.8724731896822053,True,True,True
150_0,-418.58532893753625,100000.00009959786,False,False,False
151_0,-59.10346862290359,1.5445816537101469,True,True,True
151_1,-59.10346862290359,1.5445816537101469,True,True,True
153_0,54.46097235910912,1.6748504928824857,True,False,False
155_0,-308.04430293267285,100000.00008711002,False,False,False
157_0,-670.5500132871261,200000.00015942552,False,False,False
159_0,-308.04491947962816,100000.00008711002,False,False,False
161_0,-670.5502036859507,200000.00015942552,False,False,False
163_0,80.85554143820622,1.9515616981747783,True,False,False
164_0,60.72266298983146,1.5445816537101467,True,False,False
166_0,418.58545803705584,100000.00009959786,False,False,False
167_0,-344.43891572778483,100000.00012552585,False,False,False
168_0,6.2932611257516555,2.597682457666115,True,False,False
169_0,-5.231458252344993,5.264288501970352,True,True,False
169_1,-5.231458252344993,5.264288501970352,True,True,False
170_0,11.71984281006985,1.7455924012432995,True,False,False
171_0,7.077420494938963,1.9109484290684,True,False,False
172_0,-14.96846221737573,3.119423775751975,True,True,True
172_1,-14.96846221737573,3.119423775751975,True,True,True
173_0,31.596826226903886,1.497746544738635,True,False,False
177_0,-61.468426343706966,7.800755109188709,True,True,True
180_0,-68.79080367034078,2.1230413805936985,True,True,True
182_0,-71.57889080898414,3.519292413618932,True,True,True
184_0,293.7144658949085,100000.00010315194,False,False,False
186_0,-68.96741076756598,3.0209719934226653,True,True,True
188_0,-81.69411974308605,4.250785827015578,True,True,True
188_1,-81.69411974308605,4.250785827015578,True,True,True
190_0,-69.23256953001001,1.9717783723696565,True,True,True
192_0,-74.00940526468696,3.452767845006849,True,True,True
194_0,-66.1049086774685,5.494228063594064,True,True,True
196_0,-75.63260033933818,3.4527678450068495,True,True,True
198_0,-61.535691485310934,3.5447919204313543,True,True,True
200_0,-85.59138946766748,3.512521424427648,True,True,True
202_0,354.8010661197636,100000.00008450064,False,False,False
202_1,354.8010661197636,100000.00008450064,False,False,False
204_0,726.9909111250827,200000.0001996929,False,False,False
204_1,726.9909111250827,200000.0001996929,False,False,False
206_0,354.8010682969297,100000.00008450064,False,False,False
206_1,354.8010682969297,100000.00008450064,False,False,False
208_0,359.44361337564754,100000.0000885182,False,False,False
208_1,359.44361337564754,100000.0000885182,False,False,False
210_0,335.5509439564726,100000.0000909272,False,False,False
210_1,335.5509439564726,100000.0000909272,False,False,False
212_0,9.405234918520364,1.8417947080684132,True,False,False
214_0,744.1004366845011,200000.00020275943,False,False,False
216_0,9.405314668830044,1.8417947080684132,True,False,False
218_0,376.55313893506616,100000.00009089508,False,False,False
219_0,-9.844753411601374,2.255297363007269,True,True,True
221_0,9.236161418390338,2.214489962073886,True,False,False
223_0,28.824207346397145,3.6193095709542975,True,False,False
225_0,6.831704458650478,2.349664155071087,True,False,False
226_0,-335.55103211873126,100000.0000909272,False,False,False
226_1,-335.55103211873126,100000.0000909272,False,False,False
227_0,-354.63194694872294,100000.0000920112,False,False,False
227_1,-354.63194694872294,100000.0000920112,False,False,False
228_0,-699.6775505741402,200000.00016385573,False,False,False
228_1,-699.6775505741402,200000.00016385573,False,False,False
229_0,-716.353679418273,200000.000160604,False,False,False
229_1,-716.353679418273,200000.000160604,False,False,False
230_0,-699.6772215480213,200000.00016385573,False,False,False
230_1,-699.6772215480213,200000.00016385573,False,False,False
232_0,-709.4770879442369,200000.00016076502,False,False,False
234_0,-7.786074711433969,1.8417947080684132,True,True,True
236_0,21.37129277199554,2.3426065247518153,True,False,False
237_0,-34.927046207331045,1.4252420900442682,True,True,True
239_0,-36.92848836883985,1.4003928194704374,True,True,True
240_0,-34.927046207331045,1.4252420900442682,True,True,True
241_0,-34.92704620733099,1.4252420900442682,True,True,True
243_0,-41.01440809138592,1.24685410860712,True,True,True
245_0,689.7018891478442,200000.00016421205,False,False,False
246_0,-41.01413337568138,1.24685410860712,True,True,True
247_0,-43.233938083918844,1.75662726549929,True,True,True
249_0,-0.43158880879663997,1.4927180897404109,True,True,False
251_0,2.093448938138664,1.9390313502553063,True,False,False
253_0,362.0735579928659,100000.0000940107,False,False,False
255_0,-0.43160786056429856,1.4927180897404109,True,True,False
257_0,365.42965940688606,100000.00009664257,False,False,False
259_0,362.90462165995075,100000.00010175504,False,False,False
261_0,2.093448938138721,1.9390313502553065,True,False,False
263_0,2.9243898416368097,1.6285490534695597,True,False,False
265_0,729.554767358321,200000.00016934046,False,False,False
267_0,-48.01574931671013,3.1165631986601583,True,True,True
269_0,-48.01574931671013,3.1165631986601583,True,True,True
271_0,-27.9387628189192,3.6821105269978616,True,True,True
273_0,-48.0157493167101,3.1165631986601574,True,True,True
275_0,-27.938762818919173,3.682110526997861,True,True,True
277_0,39.012815326095165,1.2616238877207053,True,False,False
278_0,48.69682011803067,4.318589609706014,True,False,False
280_0,41.01411093169901,1.24685410860712,True,False,False
282_0,401.5180898789414,100000.0000870464,False,False,False
284_0,33.91381583709327,1.9230443379155044,True,False,False
285_0,41.01426247520095,1.24685410860712,True,False,False
287_0,45.40449941646824,1.4156030322241335,True,False,False
289_0,41.01426247520095,1.24685410860712,True,False,False
290_0,770.1696513424286,200000.00016665284,False,False,False
292_0,51.688973116537056,2.2717603424587565,True,False,False
294_0,51.688973116537,2.271760342458757,True,False,False
295_0,-727.029600511866,200000.00017199066,False,False,False
297_0,3.6864220116596584,1.903033803647853,True,False,False
298_0,-0.3992493915737043,1.9071124388522862,True,True,False
300_0,734.7070100732192,200000.00016708934,False,False,False
302_0,56.751180033142475,2.248195022130441,True,False,False
304_0,-320.866693640152,100000.00012137253,False,False,False
305_0,391.3630845162926,100000.00011407632,False,False,False
307_0,-293.77719711174643,173205.0810626241,False,False,False
309_0,-343.3231479385356,100000.00017344167,False,False,False
310_0,-419.7010967267855,100000.00008981235,False,False,False
311_0,-8.69297425077798,3.0833359080166867,True,True,True
312_0,-23.856559900126882,5.172616080601233,True,True,True
313_0,-371.1981210524405,100000.00012167734,False,False,False
314_0,-371.19874332592855,100000.00012167734,False,False,False
315_0,357.956645541299,100000.00014294319,False,False,False
317_0,13.030731408602264,3.0535227881541944,True,False,False
319_0,76.68162881459165,4.341877300488431,True,False,False
321_0,-350.58451708278886,100000.00014814796,False,False,False
323_0,-643.8090366287089,200000.000205619,False,False,False
324_0,395.0152146014014,100000.00012615051,False,False,False
326_0,382.0130655279699,100000.0001048209,False,False,False
327_0,-329.1379189779862,173205.08105075598,False,False,False
328_0,309.07819386154506,100000.00013961243,False,False,False
329_0,46.9241687885078,5.403103247997799,True,False,False
330_0,85.93702073985628,3.322205165729447,True,False,False
